"","Ensembl_ID","Symbol","Biotype"
"3","ENSG00000278267","MIR6859-1","miRNA"
"5","ENSG00000284332","MIR1302-2","miRNA"
"21","ENSG00000273874","MIR6859-2","miRNA"
"36","ENSG00000278791","MIR6723","miRNA"
"77","ENSG00000207730","MIR200B","miRNA"
"78","ENSG00000207607","MIR200A","miRNA"
"79","ENSG00000198976","MIR429","miRNA"
"93","ENSG00000278073","MIR6726","miRNA"
"96","ENSG00000283712","MIR6727","miRNA"
"101","ENSG00000284372","MIR6808","miRNA"
"178","ENSG00000283572","MIR4251","miRNA"
"185","ENSG00000207776","MIR551A","miRNA"
"222","ENSG00000264341","MIR4417","miRNA"
"223","ENSG00000264101","MIR4689","miRNA"
"238","ENSG00000265392","MIR4252","miRNA"
"296","ENSG00000274258","MIR6728","miRNA"
"309","ENSG00000284357","MIR34A","miRNA"
"334","ENSG00000265521","MIR5697","miRNA"
"342","ENSG00000264881","MIR1273D","miRNA"
"407","ENSG00000276869","MIR6729","miRNA"
"412","ENSG00000283789","MIR7846","miRNA"
"414","ENSG00000263676","MIR4632","miRNA"
"422","ENSG00000276830","MIR6730","miRNA"
"568","ENSG00000263811","MIR3675","miRNA"
"584","ENSG00000266634","MIR3972","miRNA"
"605","ENSG00000265606","MIR4695","miRNA"
"606","ENSG00000221662","MIR1290","miRNA"
"656","ENSG00000284005","MIR6084","miRNA"
"666","ENSG00000221808","MIR1256","miRNA"
"703","ENSG00000266564","MIR4418","miRNA"
"709","ENSG00000276835","MIR6127","miRNA"
"714","ENSG00000265422","MIR4684","miRNA"
"716","ENSG00000264014","MIR4253","miRNA"
"721","ENSG00000263793","MIR3115","miRNA"
"722","ENSG00000266802","MIR4419A","miRNA"
"755","ENSG00000264926","MIR378F","miRNA"
"780","ENSG00000278034","MIR6731","miRNA"
"783","ENSG00000264371","MIR4425","miRNA"
"816","ENSG00000283938","MIR3917","miRNA"
"849","ENSG00000238705","MIR1976","miRNA"
"983","ENSG00000264773","MIR4420","miRNA"
"1015","ENSG00000266580","MIR4254","miRNA"
"1026","ENSG00000266203","MIR5585","miRNA"
"1083","ENSG00000284154","MIR3605","miRNA"
"1096","ENSG00000207941","MIR552","miRNA"
"1162","ENSG00000264698","MIR4255","miRNA"
"1169","ENSG00000283724","MIR6732","miRNA"
"1171","ENSG00000263675","MIR5581","miRNA"
"1203","ENSG00000265596","MIR3659","miRNA"
"1284","ENSG00000198974","MIR30E","miRNA"
"1285","ENSG00000207962","MIR30C1","miRNA"
"1347","ENSG00000284410","MIR6733","miRNA"
"1357","ENSG00000283836","MIR6734","miRNA"
"1362","ENSG00000274975","MIR6735","miRNA"
"1373","ENSG00000283477","MIR6079","miRNA"
"1400","ENSG00000263381","MIR5584","miRNA"
"1557","ENSG00000265538","MIR4421","miRNA"
"1558","ENSG00000275816","MIR6500","miRNA"
"1582","ENSG00000283899","MIR761","miRNA"
"1624","ENSG00000264834","MIR1273F","miRNA"
"1625","ENSG00000266188","MIR5095","miRNA"
"1626","ENSG00000265815","MIR1273G","miRNA"
"1666","ENSG00000283749","MIR4781","miRNA"
"1702","ENSG00000265822","MIR4422","miRNA"
"1755","ENSG00000266150","MIR4711","miRNA"
"1778","ENSG00000263908","MIR3116-1","miRNA"
"1779","ENSG00000283690","MIR3116-2","miRNA"
"1807","ENSG00000275836","MIR6068","miRNA"
"1834","ENSG00000264470","MIR4794","miRNA"
"1843","ENSG00000265996","MIR3671","miRNA"
"1844","ENSG00000199135","MIR101-1","miRNA"
"1864","ENSG00000264720","MIR3117","miRNA"
"1896","ENSG00000221203","MIR1262","miRNA"
"1936","ENSG00000207721","MIR186","miRNA"
"1996","ENSG00000276081","MIR7156","miRNA"
"2098","ENSG00000266110","MIR4423","miRNA"
"2119","ENSG00000278281","MIR7856","miRNA"
"2252","ENSG00000211575","MIR760","miRNA"
"2278","ENSG00000263526","MIR378G","miRNA"
"2318","ENSG00000284247","MIR2682","miRNA"
"2319","ENSG00000284202","MIR137","miRNA"
"2354","ENSG00000207750","MIR553","miRNA"
"2423","ENSG00000275455","MIR7852","miRNA"
"2479","ENSG00000284443","MIR197","miRNA"
"2579","ENSG00000283296","MIR4256","miRNA"
"2673","ENSG00000264419","MIR548AC","miRNA"
"2675","ENSG00000211543","MIR320B1","miRNA"
"2687","ENSG00000215930","MIR942","miRNA"
"2871","ENSG00000278549","MIR6736","miRNA"
"2957","ENSG00000283676","MIR5087","miRNA"
"2962","ENSG00000278596","MIR6077","miRNA"
"3039","ENSG00000283933","MIR6878","miRNA"
"3044","ENSG00000264553","MIR4257","miRNA"
"3103","ENSG00000207606","MIR554","miRNA"
"3223","ENSG00000274940","MIR8083","miRNA"
"3240","ENSG00000276584","MIR6737","miRNA"
"3252","ENSG00000263987","MIR5698","miRNA"
"3255","ENSG00000215938","MIR190B","miRNA"
"3290","ENSG00000264349","MIR4258","miRNA"
"3311","ENSG00000284586","MIR92B","miRNA"
"3327","ENSG00000283701","MIR555","miRNA"
"3354","ENSG00000277817","MIR6738","miRNA"
"3379","ENSG00000207933","MIR9-1","miRNA"
"3409","ENSG00000211581","MIR765","miRNA"
"3510","ENSG00000266458","MIR4259","miRNA"
"3582","ENSG00000284035","MIR5187","miRNA"
"3619","ENSG00000266144","MIR4654","miRNA"
"3622","ENSG00000207729","MIR556","miRNA"
"3684","ENSG00000283936","MIR3658","miRNA"
"3691","ENSG00000215952","MIR921","miRNA"
"3731","ENSG00000221545","MIR1255B2","miRNA"
"3742","ENSG00000207974","MIR557","miRNA"
"3781","ENSG00000283340","MIR3119-1","miRNA"
"3782","ENSG00000263390","MIR3119-2","miRNA"
"3796","ENSG00000221390","MIR1295A","miRNA"
"3797","ENSG00000283598","MIR1295B","miRNA"
"3826","ENSG00000283844","MIR214","miRNA"
"3827","ENSG00000283152","MIR3120","miRNA"
"3828","ENSG00000208024","MIR199A2","miRNA"
"3906","ENSG00000202609","MIR488","miRNA"
"3925","ENSG00000266417","MIR4424","miRNA"
"3971","ENSG00000265435","MIR3121","miRNA"
"4132","ENSG00000283795","MIR4426","miRNA"
"4143","ENSG00000221680","MIR1278","miRNA"
"4157","ENSG00000265986","MIR4735","miRNA"
"4190","ENSG00000207975","MIR181B1","miRNA"
"4191","ENSG00000207759","MIR181A1","miRNA"
"4246","ENSG00000264802","MIR5191","miRNA"
"4249","ENSG00000221028","MIR1231","miRNA"
"4251","ENSG00000277681","MIR6739","miRNA"
"4261","ENSG00000275207","MIR6740","miRNA"
"4373","ENSG00000199059","MIR135B","miRNA"
"4403","ENSG00000278465","MIR6769B","miRNA"
"4449","ENSG00000284214","MIR29C","miRNA"
"4450","ENSG00000284203","MIR29B2","miRNA"
"4468","ENSG00000284485","MIR205","miRNA"
"4472","ENSG00000283876","MIR4260","miRNA"
"4522","ENSG00000264358","MIR3122","miRNA"
"4617","ENSG00000207590","MIR215","miRNA"
"4618","ENSG00000207624","MIR194-1","miRNA"
"4621","ENSG00000281696","MIR664A","miRNA"
"4704","ENSG00000221406","MIR320B2","miRNA"
"4709","ENSG00000266618","MIR4742","miRNA"
"4732","ENSG00000284519","MIR6741","miRNA"
"4784","ENSG00000264483","MIR5008","miRNA"
"4790","ENSG00000284163","MIR3620","miRNA"
"4808","ENSG00000284311","MIR6742","miRNA"
"4815","ENSG00000266174","MIR4666A","miRNA"
"4892","ENSG00000283799","MIR1182","miRNA"
"4930","ENSG00000265744","MIR4427","miRNA"
"4938","ENSG00000264377","MIR4671","miRNA"
"4970","ENSG00000263439","MIR4753","miRNA"
"4993","ENSG00000222831","MIR1537","miRNA"
"5018","ENSG00000266262","MIR4428","miRNA"
"5068","ENSG00000265831","MIR3123","miRNA"
"5107","ENSG00000265201","MIR4677","miRNA"
"5184","ENSG00000283881","MIR3916","miRNA"
"5271","ENSG00000264500","MIR3124","miRNA"
"5360","ENSG00000276733","MIR7158","miRNA"
"5366","ENSG00000283394","MIR7515","miRNA"
"5432","ENSG00000265418","MIR4261","miRNA"
"5468","ENSG00000264010","MIR4429","miRNA"
"5479","ENSG00000265056","MIR548S","miRNA"
"5480","ENSG00000265172","MIR4262","miRNA"
"5483","ENSG00000264089","MIR3681","miRNA"
"5488","ENSG00000264370","MIR3125","miRNA"
"5546","ENSG00000266738","MIR4757","miRNA"
"5653","ENSG00000221445","MIR1301","miRNA"
"5743","ENSG00000265321","MIR4263","miRNA"
"5817","ENSG00000207653","MIR558","miRNA"
"5822","ENSG00000265057","MIR4765","miRNA"
"5830","ENSG00000283591","MIR4430","miRNA"
"5848","ENSG00000265301","MIR548AD","miRNA"
"6045","ENSG00000207923","MIR559","miRNA"
"6078","ENSG00000212036","MIR548BA","miRNA"
"6087","ENSG00000216191","MIR8485","miRNA"
"6101","ENSG00000264975","MIR4431","miRNA"
"6112","ENSG00000265452","MIR3682","miRNA"
"6155","ENSG00000207548","MIR217","miRNA"
"6156","ENSG00000207798","MIR216A","miRNA"
"6157","ENSG00000211520","MIR216B","miRNA"
"6185","ENSG00000266078","MIR4432","miRNA"
"6235","ENSG00000266097","MIR5192","miRNA"
"6275","ENSG00000264297","MIR4433B","miRNA"
"6276","ENSG00000283222","MIR4433A","miRNA"
"6284","ENSG00000283204","MIR4434","miRNA"
"6319","ENSG00000264525","MIR4778","miRNA"
"6364","ENSG00000266649","MIR3126","miRNA"
"6392","ENSG00000221238","MIR1285-2","miRNA"
"6526","ENSG00000263909","MIR5000","miRNA"
"6571","ENSG00000266436","MIR4264","miRNA"
"6572","ENSG00000276917","MIR8080","miRNA"
"6650","ENSG00000278783","MIR6071","miRNA"
"6661","ENSG00000265420","MIR4779","miRNA"
"6686","ENSG00000264793","MIR4771-1","miRNA"
"6697","ENSG00000265507","MIR4435-1","miRNA"
"6709","ENSG00000265003","MIR4780","miRNA"
"6726","ENSG00000265510","MIR4436A","miRNA"
"6933","ENSG00000264157","MIR3127","miRNA"
"7034","ENSG00000264857","MIR5696","miRNA"
"7052","ENSG00000264764","MIR4772","miRNA"
"7166","ENSG00000264934","MIR4265","miRNA"
"7168","ENSG00000265965","MIR4266","miRNA"
"7189","ENSG00000265682","MIR4267","miRNA"
"7191","ENSG00000264979","MIR4436B1","miRNA"
"7198","ENSG00000263881","MIR4436B2","miRNA"
"7227","ENSG00000266139","MIR4435-2","miRNA"
"7240","ENSG00000266063","MIR4771-2","miRNA"
"7295","ENSG00000221055","MIR1302-3","miRNA"
"7307","ENSG00000265429","MIR4782","miRNA"
"7435","ENSG00000264075","MIR4783","miRNA"
"7584","ENSG00000284149","MIR4784","miRNA"
"7609","ENSG00000221288","MIR663B","miRNA"
"7632","ENSG00000263813","MIR3679","miRNA"
"7640","ENSG00000263783","MIR5590","miRNA"
"7649","ENSG00000207654","MIR128-1","miRNA"
"7697","ENSG00000283506","MIR7157","miRNA"
"7802","ENSG00000283569","MIR4773-2","miRNA"
"7803","ENSG00000264684","MIR4773-1","miRNA"
"7891","ENSG00000275141","MIR6888","miRNA"
"7911","ENSG00000283734","MIR4785","miRNA"
"7990","ENSG00000265694","MIR4774","miRNA"
"8109","ENSG00000215973","MIR933","miRNA"
"8128","ENSG00000207744","MIR10B","miRNA"
"8135","ENSG00000283880","MIR7704","miRNA"
"8143","ENSG00000283203","MIR1246","miRNA"
"8161","ENSG00000284252","MIR4444-1","miRNA"
"8164","ENSG00000265396","MIR3128","miRNA"
"8169","ENSG00000278418","MIR6512","miRNA"
"8213","ENSG00000221240","MIR1258","miRNA"
"8227","ENSG00000266705","MIR4437","miRNA"
"8259","ENSG00000266808","MIR548AE1","miRNA"
"8292","ENSG00000207951","MIR561","miRNA"
"8296","ENSG00000221502","MIR1245A","miRNA"
"8297","ENSG00000283238","MIR1245B","miRNA"
"8298","ENSG00000284180","MIR3606","miRNA"
"8301","ENSG00000264725","MIR3129","miRNA"
"8598","ENSG00000283469","MIR3130-1","miRNA"
"8599","ENSG00000263468","MIR3130-2","miRNA"
"8604","ENSG00000253008","MIR2355","miRNA"
"8606","ENSG00000277590","MIR7845","miRNA"
"8614","ENSG00000221628","MIR1302-4","miRNA"
"8624","ENSG00000284079","MIR4775","miRNA"
"8678","ENSG00000221782","MIR548F2","miRNA"
"8683","ENSG00000283637","MIR4776-2","miRNA"
"8684","ENSG00000266354","MIR4776-1","miRNA"
"8691","ENSG00000265734","MIR4438","miRNA"
"8758","ENSG00000275458","MIR6809","miRNA"
"8771","ENSG00000284173","MIR6513","miRNA"
"8773","ENSG00000278524","MIR6810","miRNA"
"8780","ENSG00000199121","MIR26B","miRNA"
"8796","ENSG00000283639","MIR9500","miRNA"
"8808","ENSG00000198973","MIR375","miRNA"
"8812","ENSG00000264755","MIR3131","miRNA"
"8831","ENSG00000207647","MIR153-1","miRNA"
"8848","ENSG00000265252","MIR3132","miRNA"
"8861","ENSG00000266518","MIR4268","miRNA"
"8915","ENSG00000263828","MIR4439","miRNA"
"8922","ENSG00000263363","MIR5702","miRNA"
"8934","ENSG00000284092","MIR5703","miRNA"
"9007","ENSG00000263641","MIR4777","miRNA"
"9028","ENSG00000284378","MIR1244-1","miRNA"
"9035","ENSG00000222246","MIR1471","miRNA"
"9039","ENSG00000207626","MIR562","miRNA"
"9057","ENSG00000284407","MIR5001","miRNA"
"9150","ENSG00000277842","MIR6811","miRNA"
"9187","ENSG00000266109","MIR4440","miRNA"
"9188","ENSG00000264810","MIR4441","miRNA"
"9189","ENSG00000265215","MIR4269","miRNA"
"9190","ENSG00000264292","MIR2467","miRNA"
"9197","ENSG00000264279","MIR4786","miRNA"
"9208","ENSG00000207611","MIR149","miRNA"
"9238","ENSG00000263752","MIR3133","miRNA"
"9321","ENSG00000265180","MIR4790","miRNA"
"9401","ENSG00000264534","MIR378B","miRNA"
"9402","ENSG00000216135","MIR885","miRNA"
"9500","ENSG00000263573","MIR4270","miRNA"
"9505","ENSG00000264354","MIR3134","miRNA"
"9509","ENSG00000207815","MIR563","miRNA"
"9525","ENSG00000283885","MIR3714","miRNA"
"9542","ENSG00000271898","MIR4791","miRNA"
"9551","ENSG00000266745","MIR3135A","miRNA"
"9587","ENSG00000265028","MIR4792","miRNA"
"9599","ENSG00000283971","MIR4442","miRNA"
"9651","ENSG00000265376","MIR466","miRNA"
"9674","ENSG00000276147","MIR548AY","miRNA"
"9715","ENSG00000207625","MIR128-2","miRNA"
"9752","ENSG00000199075","MIR26A1","miRNA"
"9782","ENSG00000284158","MIR6822","miRNA"
"9884","ENSG00000207954","MIR138-1","miRNA"
"9910","ENSG00000284498","MIR564","miRNA"
"9991","ENSG00000221585","MIR1226","miRNA"
"10002","ENSG00000265483","MIR4443","miRNA"
"10010","ENSG00000252466","MIR2115","miRNA"
"10021","ENSG00000278799","MIR6823","miRNA"
"10024","ENSG00000284251","MIR711","miRNA"
"10028","ENSG00000284364","MIR6824","miRNA"
"10030","ENSG00000284575","MIR4793","miRNA"
"10047","ENSG00000199032","MIR425","miRNA"
"10049","ENSG00000207605","MIR191","miRNA"
"10055","ENSG00000284488","MIR6890","miRNA"
"10067","ENSG00000264633","MIR4271","miRNA"
"10093","ENSG00000283726","MIR5193","miRNA"
"10107","ENSG00000207922","MIR566","miRNA"
"10111","ENSG00000275334","MIR5787","miRNA"
"10116","ENSG00000283848","MIR6872","miRNA"
"10141","ENSG00000272543","MIR4787","miRNA"
"10185","ENSG00000199150","MIRLET7G","miRNA"
"10188","ENSG00000207926","MIR135A1","miRNA"
"10223","ENSG00000275789","MIR8064","miRNA"
"10262","ENSG00000264013","MIR3938","miRNA"
"10323","ENSG00000281426","MIR548BB","miRNA"
"10390","ENSG00000283298","MIR4272","miRNA"
"10405","ENSG00000265355","MIR3136","miRNA"
"10426","ENSG00000221264","MIR1284","miRNA"
"10477","ENSG00000266780","MIR4444-2","miRNA"
"10499","ENSG00000283894","MIR1324","miRNA"
"10506","ENSG00000266396","MIR4273","miRNA"
"10522","ENSG00000265193","MIR3923","miRNA"
"10547","ENSG00000264084","MIR5688","miRNA"
"10560","ENSG00000264119","MIR4795","miRNA"
"10607","ENSG00000278103","MIR8060","miRNA"
"10670","ENSG00000264897","MIR3921","miRNA"
"10718","ENSG00000265328","MIR548AB","miRNA"
"10784","ENSG00000265956","MIR4445","miRNA"
"10810","ENSG00000207940","MIR567","miRNA"
"10841","ENSG00000275670","MIR8076","miRNA"
"10845","ENSG00000265253","MIR4446","miRNA"
"10869","ENSG00000284134","MIR568","miRNA"
"10873","ENSG00000264623","MIR4796","miRNA"
"10889","ENSG00000265433","MIR4447","miRNA"
"10940","ENSG00000284121","MIR198","miRNA"
"10953","ENSG00000264477","MIR5682","miRNA"
"10990","ENSG00000284421","MIR7110","miRNA"
"11004","ENSG00000266383","MIR5002","miRNA"
"11006","ENSG00000276656","MIR6083","miRNA"
"11010","ENSG00000265981","MIR544B","miRNA"
"11022","ENSG00000264986","MIR5092","miRNA"
"11043","ENSG00000221737","MIR548I1","miRNA"
"11092","ENSG00000275067","MIR6825","miRNA"
"11093","ENSG00000276083","MIR7976","miRNA"
"11141","ENSG00000278658","MIR6826","miRNA"
"11205","ENSG00000265859","MIR5704","miRNA"
"11247","ENSG00000277723","MIR6827","miRNA"
"11250","ENSG00000284561","MIR4788","miRNA"
"11517","ENSG00000264330","MIR5186","miRNA"
"11641","ENSG00000263634","MIR3919","miRNA"
"11656","ENSG00000207779","MIR15B","miRNA"
"11657","ENSG00000198987","MIR16-2","miRNA"
"11688","ENSG00000221251","MIR1263","miRNA"
"11728","ENSG00000207717","MIR551B","miRNA"
"11772","ENSG00000283474","MIR6828","miRNA"
"11785","ENSG00000207963","MIR569","miRNA"
"11826","ENSG00000264974","MIR4789","miRNA"
"11838","ENSG00000283333","MIR7977","miRNA"
"11970","ENSG00000263932","MIR4448","miRNA"
"11990","ENSG00000221120","MIR1224","miRNA"
"12019","ENSG00000264614","MIR5588","miRNA"
"12028","ENSG00000265470","MIR548AQ","miRNA"
"12058","ENSG00000283958","MIR1248","miRNA"
"12094","ENSG00000207651","MIR28","miRNA"
"12101","ENSG00000216058","MIR944","miRNA"
"12184","ENSG00000265333","MIR3137","miRNA"
"12205","ENSG00000207650","MIR570","miRNA"
"12212","ENSG00000276489","MIR6829","miRNA"
"12268","ENSG00000265850","MIR4797","miRNA"
"12281","ENSG00000284146","MIR922","miRNA"
"12316","ENSG00000207642","MIR571","miRNA"
"12374","ENSG00000284587","MIR943","miRNA"
"12383","ENSG00000284276","MIR4800","miRNA"
"12461","ENSG00000263631","MIR378D1","miRNA"
"12490","ENSG00000264658","MIR4798","miRNA"
"12492","ENSG00000266690","MIR4274","miRNA"
"12497","ENSG00000207807","MIR95","miRNA"
"12564","ENSG00000221275","MIR548I2","miRNA"
"12580","ENSG00000264931","MIR3138","miRNA"
"12598","ENSG00000207716","MIR572","miRNA"
"12619","ENSG00000266240","MIR5091","miRNA"
"12688","ENSG00000207732","MIR218-1","miRNA"
"12693","ENSG00000283281","MIR7978","miRNA"
"12714","ENSG00000207697","MIR573","miRNA"
"12766","ENSG00000283275","MIR4275","miRNA"
"12806","ENSG00000283207","MIR1255B1","miRNA"
"12811","ENSG00000264319","MIR4801","miRNA"
"12839","ENSG00000207944","MIR574","miRNA"
"12849","ENSG00000264621","MIR5591","miRNA"
"12884","ENSG00000263642","MIR4802","miRNA"
"12966","ENSG00000277388","MIR8053","miRNA"
"13023","ENSG00000264585","MIR4449","miRNA"
"13142","ENSG00000265829","MIR548AG1","miRNA"
"13183","ENSG00000221563","MIR1269A","miRNA"
"13395","ENSG00000263445","MIR4450","miRNA"
"13396","ENSG00000283682","MIR548AH","miRNA"
"13433","ENSG00000266270","MIR5096","miRNA"
"13481","ENSG00000207746","MIR575","miRNA"
"13521","ENSG00000266421","MIR4451","miRNA"
"13525","ENSG00000266515","MIR4452","miRNA"
"13540","ENSG00000263981","MIR5705","miRNA"
"13659","ENSG00000265213","MIR3684","miRNA"
"13693","ENSG00000273882","MIR8066","miRNA"
"13694","ENSG00000221265","MIR1255A","miRNA"
"13793","ENSG00000207988","MIR576","miRNA"
"13825","ENSG00000215961","MIR297","miRNA"
"13853","ENSG00000199169","MIR367","miRNA"
"13854","ENSG00000199145","MIR302D","miRNA"
"13855","ENSG00000207927","MIR302A","miRNA"
"13856","ENSG00000199102","MIR302C","miRNA"
"13857","ENSG00000284463","MIR302B","miRNA"
"13871","ENSG00000283193","MIR1243","miRNA"
"13872","ENSG00000275810","MIR8082","miRNA"
"13882","ENSG00000207931","MIR577","miRNA"
"13894","ENSG00000284253","MIR1973","miRNA"
"14005","ENSG00000283550","MIR2054","miRNA"
"14187","ENSG00000265623","MIR3139","miRNA"
"14241","ENSG00000278438","MIR7849","miRNA"
"14249","ENSG00000221369","MIR548G","miRNA"
"14261","ENSG00000264274","MIR4799","miRNA"
"14322","ENSG00000264678","MIR3140","miRNA"
"14324","ENSG00000283792","MIR4453","miRNA"
"14440","ENSG00000264105","MIR3688-1","miRNA"
"14441","ENSG00000283379","MIR3688-2","miRNA"
"14455","ENSG00000283468","MIR4454","miRNA"
"14501","ENSG00000207559","MIR578","miRNA"
"14559","ENSG00000278502","MIR6082","miRNA"
"14568","ENSG00000221296","MIR548T","miRNA"
"14590","ENSG00000265846","MIR4276","miRNA"
"14648","ENSG00000221227","MIR1305","miRNA"
"14701","ENSG00000266698","MIR3945","miRNA"
"14704","ENSG00000263458","MIR4455","miRNA"
"14829","ENSG00000264233","MIR4456","miRNA"
"14846","ENSG00000263834","MIR4635","miRNA"
"14851","ENSG00000263670","MIR4457","miRNA"
"14858","ENSG00000273742","MIR6075","miRNA"
"14865","ENSG00000263746","MIR4277","miRNA"
"14934","ENSG00000283420","MIR4278","miRNA"
"14966","ENSG00000284000","MIR4458","miRNA"
"14983","ENSG00000266415","MIR4636","miRNA"
"15018","ENSG00000277073","MIR6131","miRNA"
"15058","ENSG00000264792","MIR4637","miRNA"
"15070","ENSG00000216077","MIR887","miRNA"
"15260","ENSG00000266243","MIR4279","miRNA"
"15270","ENSG00000207956","MIR579","miRNA"
"15328","ENSG00000207756","MIR580","miRNA"
"15374","ENSG00000265304","MIR3650","miRNA"
"15521","ENSG00000207627","MIR581","miRNA"
"15523","ENSG00000265421","MIR4459","miRNA"
"15544","ENSG00000198983","MIR449A","miRNA"
"15545","ENSG00000207728","MIR449B","miRNA"
"15546","ENSG00000251856","MIR449C","miRNA"
"15555","ENSG00000265135","MIR5687","miRNA"
"15610","ENSG00000265699","MIR548AE2","miRNA"
"15620","ENSG00000202601","MIR582","miRNA"
"15800","ENSG00000264099","MIR4803","miRNA"
"15815","ENSG00000263593","MIR4804","miRNA"
"16015","ENSG00000283359","MIR3977","miRNA"
"16061","ENSG00000284078","hsa-mir-3607","miRNA"
"16068","ENSG00000265919","MIR4280","miRNA"
"16088","ENSG00000284447","MIR9-2","miRNA"
"16098","ENSG00000264342","MIR3660","miRNA"
"16138","ENSG00000284336","MIR2277","miRNA"
"16177","ENSG00000207578","MIR583","miRNA"
"16255","ENSG00000221263","MIR548P","miRNA"
"16323","ENSG00000221436","MIR548F3","miRNA"
"16435","ENSG00000283498","MIR1244-2","miRNA"
"16444","ENSG00000264536","MIR5706","miRNA"
"16562","ENSG00000264563","MIR4633","miRNA"
"16563","ENSG00000265691","MIR4460","miRNA"
"16602","ENSG00000283678","MIR6830","miRNA"
"16606","ENSG00000263597","MIR3936","miRNA"
"16648","ENSG00000221287","MIR1289-2","miRNA"
"16662","ENSG00000266751","MIR3661","miRNA"
"16696","ENSG00000263963","MIR4461","miRNA"
"16717","ENSG00000265924","MIR5692C1","miRNA"
"16746","ENSG00000216009","MIR874","miRNA"
"16843","ENSG00000283717","MIR6831","miRNA"
"16853","ENSG00000284325","MIR3655","miRNA"
"16988","ENSG00000266478","MIR5197","miRNA"
"17062","ENSG00000207714","MIR584","miRNA"
"17076","ENSG00000284182","MIR143","miRNA"
"17077","ENSG00000276365","MIR145","miRNA"
"17086","ENSG00000199047","MIR378A","miRNA"
"17137","ENSG00000276622","MIR6499","miRNA"
"17164","ENSG00000221430","MIR1294","miRNA"
"17171","ENSG00000264760","MIR3141","miRNA"
"17172","ENSG00000221552","MIR1303","miRNA"
"17179","ENSG00000263361","MIR378H","miRNA"
"17270","ENSG00000265237","MIR3142","miRNA"
"17271","ENSG00000283733","MIR146A","miRNA"
"17331","ENSG00000199035","MIR103A1","miRNA"
"17332","ENSG00000283612","MIR103B1","miRNA"
"17337","ENSG00000207739","MIR218-2","miRNA"
"17342","ENSG00000207619","MIR585","miRNA"
"17348","ENSG00000263831","MIR378E","miRNA"
"17374","ENSG00000264249","MIR3912","miRNA"
"17390","ENSG00000265160","MIR5003","miRNA"
"17417","ENSG00000274994","MIR8056","miRNA"
"17444","ENSG00000266890","MIR4634","miRNA"
"17479","ENSG00000221464","MIR1271","miRNA"
"17491","ENSG00000266329","MIR4281","miRNA"
"17599","ENSG00000221394","MIR1229","miRNA"
"17610","ENSG00000198995","MIR340","miRNA"
"17644","ENSG00000277912","MIR8089","miRNA"
"17656","ENSG00000264732","MIR4638","miRNA"
"17697","ENSG00000275859","MIR6720","miRNA"
"17713","ENSG00000266750","MIR4645","miRNA"
"17781","ENSG00000265083","MIR3691","miRNA"
"17794","ENSG00000263572","MIR7853","miRNA"
"17795","ENSG00000283616","MIR5683","miRNA"
"17851","ENSG00000263705","MIR5689","miRNA"
"17939","ENSG00000263712","MIR4639","miRNA"
"17975","ENSG00000207775","MIR548A1","miRNA"
"18150","ENSG00000265565","MIR3143","miRNA"
"18368","ENSG00000216101","MIR877","miRNA"
"18393","ENSG00000284370","MIR4640","miRNA"
"18426","ENSG00000277402","MIR6891","miRNA"
"18461","ENSG00000274494","MIR6832","miRNA"
"18474","ENSG00000266776","MIR4646","miRNA"
"18508","ENSG00000284446","MIR1236","miRNA"
"18532","ENSG00000284469","MIR6721","miRNA"
"18534","ENSG00000277264","MIR6833","miRNA"
"18558","ENSG00000263649","MIR3135B","miRNA"
"18589","ENSG00000199036","MIR219A1","miRNA"
"18599","ENSG00000284517","MIR6873","miRNA"
"18601","ENSG00000284064","MIR6834","miRNA"
"18616","ENSG00000284256","MIR5004","miRNA"
"18625","ENSG00000266509","MIR3934","miRNA"
"18632","ENSG00000276824","MIR7159","miRNA"
"18633","ENSG00000221697","MIR1275","miRNA"
"18638","ENSG00000276404","MIR6835","miRNA"
"18673","ENSG00000276712","MIR7111","miRNA"
"18681","ENSG00000265527","MIR5690","miRNA"
"18707","ENSG00000263894","MIR3925","miRNA"
"18736","ENSG00000263926","MIR4462","miRNA"
"18808","ENSG00000266494","MIR4641","miRNA"
"18876","ENSG00000276770","MIR6780B","miRNA"
"18912","ENSG00000284427","MIR4647","miRNA"
"18920","ENSG00000266619","MIR4642","miRNA"
"18928","ENSG00000207769","MIR586","miRNA"
"19008","ENSG00000207604","MIR206","miRNA"
"19010","ENSG00000199080","MIR133B","miRNA"
"19048","ENSG00000264056","MIR5685","miRNA"
"19105","ENSG00000212017","MIR548U","miRNA"
"19201","ENSG00000199094","MIR30C2","miRNA"
"19203","ENSG00000207827","MIR30A","miRNA"
"19214","ENSG00000266180","MIR4282","miRNA"
"19263","ENSG00000263533","MIR4463","miRNA"
"19465","ENSG00000266760","MIR4464","miRNA"
"19469","ENSG00000263734","MIR4643","miRNA"
"19516","ENSG00000238367","MIR2113","miRNA"
"19524","ENSG00000265226","MIR548AI","miRNA"
"19598","ENSG00000207577","MIR587","miRNA"
"19801","ENSG00000207982","MIR548B","miRNA"
"19806","ENSG00000265725","MIR3144","miRNA"
"19860","ENSG00000207632","MIR588","miRNA"
"19922","ENSG00000266807","MIR548H5","miRNA"
"19932","ENSG00000265669","MIR548AJ1","miRNA"
"19996","ENSG00000283409","MIR3662","miRNA"
"20000","ENSG00000207689","MIR548A2","miRNA"
"20058","ENSG00000266555","MIR3145","miRNA"
"20083","ENSG00000263514","MIR3668","miRNA"
"20084","ENSG00000264390","MIR4465","miRNA"
"20302","ENSG00000264814","MIR1273C","miRNA"
"20311","ENSG00000221456","MIR1202","miRNA"
"20318","ENSG00000271899","MIR4466","miRNA"
"20328","ENSG00000266617","MIR3692","miRNA"
"20347","ENSG00000278571","MIR7161","miRNA"
"20351","ENSG00000265558","MIR3918","miRNA"
"20453","ENSG00000222958","MIR1913","miRNA"
"20460","ENSG00000265828","MIR3939","miRNA"
"20531","ENSG00000266245","MIR4644","miRNA"
"20571","ENSG00000199023","MIR339","miRNA"
"20599","ENSG00000265089","MIR4655","miRNA"
"20603","ENSG00000284047","MIR6836","miRNA"
"20611","ENSG00000264357","MIR4648","miRNA"
"20632","ENSG00000264474","MIR4656","miRNA"
"20657","ENSG00000207973","MIR589","miRNA"
"20664","ENSG00000283419","MIR6874","miRNA"
"20709","ENSG00000266287","MIR3683","miRNA"
"20830","ENSG00000221393","MIR1302-6","miRNA"
"20842","ENSG00000265932","MIR3146","miRNA"
"20868","ENSG00000221783","MIR1183","miRNA"
"20938","ENSG00000199085","MIR148A","miRNA"
"20977","ENSG00000283745","MIR196B","miRNA"
"21032","ENSG00000212024","MIR550A3","miRNA"
"21047","ENSG00000283237","MIR550B1","miRNA"
"21048","ENSG00000207771","MIR550A1","miRNA"
"21087","ENSG00000283461","MIR550B2","miRNA"
"21088","ENSG00000207573","MIR550A2","miRNA"
"21123","ENSG00000221669","MIR548N","miRNA"
"21162","ENSG00000221325","MIR1200","miRNA"
"21255","ENSG00000264069","MIR3943","miRNA"
"21280","ENSG00000284067","MIR6837","miRNA"
"21284","ENSG00000283969","MIR6838","miRNA"
"21286","ENSG00000284412","MIR4649","miRNA"
"21309","ENSG00000284261","MIR4657","miRNA"
"21503","ENSG00000264426","MIR4283-1","miRNA"
"21540","ENSG00000266168","MIR3147","miRNA"
"21605","ENSG00000265214","MIR4283-2","miRNA"
"21661","ENSG00000275667","MIR6839","miRNA"
"21748","ENSG00000266525","MIR4650-1","miRNA"
"21780","ENSG00000265878","MIR3914-1","miRNA"
"21781","ENSG00000283278","MIR3914-2","miRNA"
"21788","ENSG00000264494","MIR4650-2","miRNA"
"21836","ENSG00000265724","MIR4284","miRNA"
"21849","ENSG00000207741","MIR590","miRNA"
"21902","ENSG00000284334","MIR4651","miRNA"
"22094","ENSG00000221520","MIR1285-1","miRNA"
"22114","ENSG00000208014","MIR653","miRNA"
"22115","ENSG00000207656","MIR489","miRNA"
"22118","ENSG00000265423","MIR4652","miRNA"
"22161","ENSG00000208025","MIR591","miRNA"
"22192","ENSG00000266318","MIR5692A1","miRNA"
"22193","ENSG00000266668","MIR5692C2","miRNA"
"22211","ENSG00000266019","MIR3609","miRNA"
"22261","ENSG00000207547","MIR25","miRNA"
"22262","ENSG00000207757","MIR93","miRNA"
"22263","ENSG00000208036","MIR106B","miRNA"
"22273","ENSG00000284518","MIR4658","miRNA"
"22286","ENSG00000284012","MIR6840","miRNA"
"22319","ENSG00000283821","MIR6875","miRNA"
"22334","ENSG00000264425","MIR4653","miRNA"
"22364","ENSG00000264675","MIR4285","miRNA"
"22372","ENSG00000221510","MIR548O","miRNA"
"22377","ENSG00000284176","MIR5090","miRNA"
"22378","ENSG00000284596","MIR4467","miRNA"
"22542","ENSG00000272230","MIR3666","miRNA"
"22582","ENSG00000283923","MIR6132","miRNA"
"22692","ENSG00000207692","MIR592","miRNA"
"22709","ENSG00000207588","MIR593","miRNA"
"22710","ENSG00000207705","MIR129-1","miRNA"
"22779","ENSG00000207990","MIR182","miRNA"
"22780","ENSG00000199158","MIR96","miRNA"
"22781","ENSG00000207691","MIR183","miRNA"
"22806","ENSG00000199043","MIR335","miRNA"
"22819","ENSG00000284032","MIR29A","miRNA"
"22821","ENSG00000283797","MIR29B1","miRNA"
"22849","ENSG00000284135","MIR3654","miRNA"
"22853","ENSG00000276137","MIR6133","miRNA"
"22876","ENSG00000277138","MIR6509","miRNA"
"22901","ENSG00000207597","MIR490","miRNA"
"22919","ENSG00000284028","MIR4468","miRNA"
"23132","ENSG00000278449","MIR6892","miRNA"
"23204","ENSG00000221442","MIR548F4","miRNA"
"23315","ENSG00000284191","MIR671","miRNA"
"23324","ENSG00000265810","MIR3907","miRNA"
"23423","ENSG00000207960","MIR153-2","miRNA"
"23429","ENSG00000207637","MIR595","miRNA"
"23432","ENSG00000265598","MIR5707","miRNA"
"23478","ENSG00000283858","MIR3674","miRNA"
"23479","ENSG00000207826","MIR596","miRNA"
"23487","ENSG00000273593","MIR7160","miRNA"
"23519","ENSG00000276580","MIR8055","miRNA"
"23521","ENSG00000266038","MIR4659A","miRNA"
"23522","ENSG00000283386","MIR4659B","miRNA"
"23621","ENSG00000221305","MIR548I3","miRNA"
"23645","ENSG00000263407","MIR4660","miRNA"
"23665","ENSG00000207701","MIR597","miRNA"
"23667","ENSG00000284321","MIR124-1","miRNA"
"23680","ENSG00000263762","MIR4286","miRNA"
"23687","ENSG00000283210","MIR1322","miRNA"
"23691","ENSG00000207600","MIR598","miRNA"
"23778","ENSG00000264512","MIR5692A2","miRNA"
"23780","ENSG00000266206","MIR3926-1","miRNA"
"23781","ENSG00000283523","MIR3926-2","miRNA"
"23806","ENSG00000199127","MIR383","miRNA"
"23837","ENSG00000265520","MIR548V","miRNA"
"23911","ENSG00000208037","MIR320A","miRNA"
"23978","ENSG00000283327","MIR6841","miRNA"
"23984","ENSG00000274988","MIR6876","miRNA"
"24009","ENSG00000221616","MIR548H4","miRNA"
"24016","ENSG00000273836","MIR6842","miRNA"
"24021","ENSG00000284280","MIR6843","miRNA"
"24026","ENSG00000265075","MIR3622B","miRNA"
"24027","ENSG00000284351","MIR3622A","miRNA"
"24035","ENSG00000265847","MIR4287","miRNA"
"24052","ENSG00000265251","MIR4288","miRNA"
"24080","ENSG00000264788","MIR3148","miRNA"
"24267","ENSG00000263372","MIR548AO","miRNA"
"24282","ENSG00000274705","MIR486-1","miRNA"
"24283","ENSG00000283450","MIR486-2","miRNA"
"24313","ENSG00000284062","MIR4469","miRNA"
"24566","ENSG00000264408","MIR4470","miRNA"
"24599","ENSG00000207816","MIR124-2","miRNA"
"24760","ENSG00000266502","MIR5681A","miRNA"
"24761","ENSG00000283505","MIR5681B","miRNA"
"24765","ENSG00000283188","MIR2052","miRNA"
"24787","ENSG00000266712","MIR3149","miRNA"
"24816","ENSG00000265588","MIR5708","miRNA"
"24977","ENSG00000266194","MIR4661","miRNA"
"24998","ENSG00000277063","MIR8084","miRNA"
"25018","ENSG00000284288","MIR378D2","miRNA"
"25055","ENSG00000284147","MIR3150B","miRNA"
"25056","ENSG00000283522","MIR3150A","miRNA"
"25127","ENSG00000207804","MIR599","miRNA"
"25128","ENSG00000216069","MIR875","miRNA"
"25136","ENSG00000221753","MIR1273A","miRNA"
"25146","ENSG00000265599","MIR4471","miRNA"
"25156","ENSG00000284570","MIR7705","miRNA"
"25192","ENSG00000266756","MIR5680","miRNA"
"25227","ENSG00000265657","MIR3151","miRNA"
"25247","ENSG00000208032","MIR548A3","miRNA"
"25320","ENSG00000238399","MIR2053","miRNA"
"25336","ENSG00000283956","MIR3610","miRNA"
"25359","ENSG00000276479","MIR548AZ","miRNA"
"25412","ENSG00000266324","MIR4663","miRNA"
"25421","ENSG00000283172","MIR548D1","miRNA"
"25422","ENSG00000207704","MIR548AA1","miRNA"
"25451","ENSG00000284087","MIR6844","miRNA"
"25456","ENSG00000263735","MIR4662B","miRNA"
"25457","ENSG00000283609","MIR4662A","miRNA"
"25500","ENSG00000283710","MIR1204","miRNA"
"25503","ENSG00000221771","MIR1205","miRNA"
"25505","ENSG00000283200","MIR1206","miRNA"
"25508","ENSG00000221176","MIR1207","miRNA"
"25509","ENSG00000221261","MIR1208","miRNA"
"25516","ENSG00000263763","MIR3686","miRNA"
"25527","ENSG00000264653","MIR5194","miRNA"
"25554","ENSG00000276961","MIR7848","miRNA"
"25585","ENSG00000207582","MIR30B","miRNA"
"25586","ENSG00000199153","MIR30D","miRNA"
"25625","ENSG00000254324","MIR151A","miRNA"
"25647","ENSG00000221768","MIR1302-7","miRNA"
"25650","ENSG00000265247","MIR4472-1","miRNA"
"25725","ENSG00000265660","MIR4664","miRNA"
"25729","ENSG00000284224","MIR937","miRNA"
"25733","ENSG00000284142","MIR6845","miRNA"
"25736","ENSG00000207574","MIR661","miRNA"
"25742","ENSG00000277888","MIR6846","miRNA"
"25745","ENSG00000284200","MIR6847","miRNA"
"25755","ENSG00000284054","MIR7112","miRNA"
"25760","ENSG00000284229","MIR6848","miRNA"
"25768","ENSG00000284310","MIR939","miRNA"
"25769","ENSG00000284139","MIR1234","miRNA"
"25770","ENSG00000283770","MIR6849","miRNA"
"25775","ENSG00000276598","MIR6893","miRNA"
"25800","ENSG00000283764","MIR6850","miRNA"
"25816","ENSG00000283921","MIR1302-9","miRNA"
"25881","ENSG00000199065","MIR101-2","miRNA"
"25916","ENSG00000263575","MIR4665","miRNA"
"26032","ENSG00000264638","MIR3152","miRNA"
"26061","ENSG00000263790","MIR4473","miRNA"
"26063","ENSG00000264941","MIR4474","miRNA"
"26067","ENSG00000207609","MIR491","miRNA"
"26103","ENSG00000199177","MIR31","miRNA"
"26172","ENSG00000215966","MIR876","miRNA"
"26173","ENSG00000215939","MIR873","miRNA"
"26230","ENSG00000275651","MIR6851","miRNA"
"26329","ENSG00000263892","MIR4667","miRNA"
"26342","ENSG00000284195","MIR6852","miRNA"
"26344","ENSG00000273945","MIR6853","miRNA"
"26377","ENSG00000266255","MIR4475","miRNA"
"26380","ENSG00000264922","MIR4540","miRNA"
"26381","ENSG00000265368","MIR4476","miRNA"
"26495","ENSG00000275377","MIR1299","miRNA"
"26504","ENSG00000276029","MIR4477A","miRNA"
"26645","ENSG00000266017","MIR4477B","miRNA"
"26779","ENSG00000207935","MIR204","miRNA"
"26922","ENSG00000284179","MIR7-1","miRNA"
"26995","ENSG00000265873","MIR4289","miRNA"
"27003","ENSG00000265112","MIR3153","miRNA"
"27014","ENSG00000263967","MIR4290","miRNA"
"27039","ENSG00000266855","MIR3910-1","miRNA"
"27040","ENSG00000283351","MIR3910-2","miRNA"
"27057","ENSG00000281156","MIR3651","miRNA"
"27066","ENSG00000264158","MIR4670","miRNA"
"27094","ENSG00000283146","MIR548AU","miRNA"
"27095","ENSG00000265347","MIR4291","miRNA"
"27102","ENSG00000199165","MIRLET7A1","miRNA"
"27103","ENSG00000199072","MIRLET7F1","miRNA"
"27106","ENSG00000199133","MIRLET7D","miRNA"
"27121","ENSG00000252153","MIR2278","miRNA"
"27125","ENSG00000274115","MIR6081","miRNA"
"27126","ENSG00000207563","MIR23B","miRNA"
"27127","ENSG00000207864","MIR27B","miRNA"
"27128","ENSG00000207617","MIR3074","miRNA"
"27129","ENSG00000284459","MIR24-1","miRNA"
"27191","ENSG00000221269","MIR1302-8","miRNA"
"27215","ENSG00000278412","MIR6854","miRNA"
"27326","ENSG00000277889","MIR8081","miRNA"
"27367","ENSG00000207698","MIR32","miRNA"
"27374","ENSG00000263861","MIR3927","miRNA"
"27394","ENSG00000274263","MIR7702","miRNA"
"27409","ENSG00000266315","MIR4668","miRNA"
"27466","ENSG00000207726","MIR455","miRNA"
"27520","ENSG00000207814","MIR147A","miRNA"
"27549","ENSG00000266583","MIR4478","miRNA"
"27592","ENSG00000283941","MIR600","miRNA"
"27595","ENSG00000207991","MIR601","miRNA"
"27596","ENSG00000274932","MIR7150","miRNA"
"27616","ENSG00000207595","MIR181A2","miRNA"
"27617","ENSG00000207737","MIR181B2","miRNA"
"27673","ENSG00000283874","MIR3911","miRNA"
"27679","ENSG00000283863","MIR3960","miRNA"
"27680","ENSG00000284547","MIR2861","miRNA"
"27688","ENSG00000263979","MIR4672","miRNA"
"27706","ENSG00000207581","MIR199B","miRNA"
"27707","ENSG00000264823","MIR3154","miRNA"
"27718","ENSG00000284185","MIR219A2","miRNA"
"27719","ENSG00000283335","MIR219B","miRNA"
"27786","ENSG00000276124","MIR6855","miRNA"
"27799","ENSG00000277713","MIR6856","miRNA"
"27846","ENSG00000263816","MIR548AW","miRNA"
"27851","ENSG00000273932","MIR6877","miRNA"
"27898","ENSG00000263897","MIR4669","miRNA"
"27904","ENSG00000264744","MIR3689C","miRNA"
"27905","ENSG00000265872","MIR3689A","miRNA"
"27906","ENSG00000265848","MIR3689D1","miRNA"
"27907","ENSG00000264163","MIR3689B","miRNA"
"27908","ENSG00000264136","MIR3689D2","miRNA"
"27909","ENSG00000266827","MIR3689E","miRNA"
"27910","ENSG00000266514","MIR3689F","miRNA"
"27960","ENSG00000263403","MIR4673","miRNA"
"27962","ENSG00000265181","MIR4674","miRNA"
"27967","ENSG00000199161","MIR126","miRNA"
"27979","ENSG00000278756","MIR6722","miRNA"
"27991","ENSG00000265806","MIR4292","miRNA"
"27997","ENSG00000266507","MIR4479","miRNA"
"28027","ENSG00000263697","MIR3621","miRNA"
"28052","ENSG00000284317","MIR7114","miRNA"
"28064","ENSG00000207693","MIR602","miRNA"
"28087","ENSG00000263511","MIR5699","miRNA"
"28105","ENSG00000278069","MIR6072","miRNA"
"28131","ENSG00000274809","MIR6078","miRNA"
"28188","ENSG00000263628","MIR3155A","miRNA"
"28189","ENSG00000283634","MIR3155B","miRNA"
"28262","ENSG00000265653","MIR548AK","miRNA"
"28270","ENSG00000263584","MIR4480","miRNA"
"28271","ENSG00000283699","MIR4481","miRNA"
"28272","ENSG00000221331","MIR548Q","miRNA"
"28304","ENSG00000266321","MIR4293","miRNA"
"28306","ENSG00000221371","MIR1265","miRNA"
"28361","ENSG00000207938","MIR511","miRNA"
"28389","ENSG00000265372","MIR4675","miRNA"
"28406","ENSG00000222071","MIR1915","miRNA"
"28445","ENSG00000264574","MIR1254-2","miRNA"
"28450","ENSG00000207930","MIR603","miRNA"
"28516","ENSG00000275036","MIR8086","miRNA"
"28540","ENSG00000207612","MIR604","miRNA"
"28542","ENSG00000216035","MIR938","miRNA"
"28554","ENSG00000284277","MIR7162","miRNA"
"28628","ENSG00000266228","MIR3611","miRNA"
"28642","ENSG00000284265","MIR4683","miRNA"
"28732","ENSG00000263795","MIR5100","miRNA"
"28792","ENSG00000263476","MIR3156-1","miRNA"
"28890","ENSG00000264800","MIR4294","miRNA"
"28939","ENSG00000207813","MIR605","miRNA"
"28960","ENSG00000221594","MIR548F1","miRNA"
"28970","ENSG00000264747","MIR3924","miRNA"
"29027","ENSG00000221063","MIR1296","miRNA"
"29054","ENSG00000276866","MIR7151","miRNA"
"29092","ENSG00000221184","MIR1254-1","miRNA"
"29159","ENSG00000274824","MIR7152","miRNA"
"29185","ENSG00000266719","MIR4676","miRNA"
"29287","ENSG00000207583","MIR606","miRNA"
"29433","ENSG00000199104","MIR346","miRNA"
"29472","ENSG00000283672","MIR4678","miRNA"
"29508","ENSG00000265375","MIR4679-2","miRNA"
"29509","ENSG00000283664","MIR4679-1","miRNA"
"29523","ENSG00000198997","MIR107","miRNA"
"29646","ENSG00000266407","MIR3157","miRNA"
"29662","ENSG00000207976","MIR607","miRNA"
"29702","ENSG00000284415","MIR1287","miRNA"
"29704","ENSG00000264610","MIR4685","miRNA"
"29706","ENSG00000274056","MIR6507","miRNA"
"29757","ENSG00000207551","MIR608","miRNA"
"29779","ENSG00000283558","MIR3158-2","miRNA"
"29780","ENSG00000263436","MIR3158-1","miRNA"
"29805","ENSG00000202569","MIR146B","miRNA"
"29843","ENSG00000283867","MIR1307","miRNA"
"29862","ENSG00000283788","MIR936","miRNA"
"29865","ENSG00000208033","MIR609","miRNA"
"29867","ENSG00000266852","MIR4482","miRNA"
"29921","ENSG00000284482","MIR4680","miRNA"
"29927","ENSG00000221214","MIR548E","miRNA"
"29935","ENSG00000283688","MIR6715B","miRNA"
"29936","ENSG00000276857","MIR6715A","miRNA"
"29943","ENSG00000264763","MIR4295","miRNA"
"29958","ENSG00000283656","MIR4483","miRNA"
"29967","ENSG00000284442","MIR2110","miRNA"
"30006","ENSG00000266782","MIR3663","miRNA"
"30045","ENSG00000265719","MIR4681","miRNA"
"30059","ENSG00000265370","MIR4682","miRNA"
"30090","ENSG00000265442","MIR3941","miRNA"
"30138","ENSG00000264572","MIR4296","miRNA"
"30153","ENSG00000265092","MIR4484","miRNA"
"30191","ENSG00000266676","MIR4297","miRNA"
"30201","ENSG00000264803","MIR378C","miRNA"
"30236","ENSG00000284219","MIR202","miRNA"
"30249","ENSG00000265395","MIR3944","miRNA"
"30294","ENSG00000283920","MIR6743","miRNA"
"30328","ENSG00000199038","MIR210","miRNA"
"30366","ENSG00000275669","MIR6744","miRNA"
"30394","ENSG00000264493","MIR4298","miRNA"
"30396","ENSG00000284594","MIR7847","miRNA"
"30405","ENSG00000284010","MIR675","miRNA"
"30411","ENSG00000207805","MIR483","miRNA"
"30415","ENSG00000265258","MIR4686","miRNA"
"30486","ENSG00000284525","MIR4687","miRNA"
"30687","ENSG00000221703","MIR302E","miRNA"
"30742","ENSG00000264984","MIR5691","miRNA"
"30774","ENSG00000283813","MIR4485","miRNA"
"30796","ENSG00000266645","MIR4299","miRNA"
"30799","ENSG00000278529","MIR8070","miRNA"
"30807","ENSG00000275373","MIR6124","miRNA"
"30864","ENSG00000284094","MIR6073","miRNA"
"30915","ENSG00000264603","MIR3159","miRNA"
"30958","ENSG00000265210","MIR4486","miRNA"
"30961","ENSG00000264309","MIR4694","miRNA"
"30995","ENSG00000275868","MIR8054","miRNA"
"31028","ENSG00000278483","MIR8087","miRNA"
"31038","ENSG00000207874","MIR610","miRNA"
"31043","ENSG00000273912","MIR8068","miRNA"
"31146","ENSG00000251862","MIR1343","miRNA"
"31166","ENSG00000263389","MIR3973","miRNA"
"31220","ENSG00000211568","MIR670","miRNA"
"31223","ENSG00000199077","MIR129-2","miRNA"
"31267","ENSG00000276639","MIR7154","miRNA"
"31289","ENSG00000264102","MIR4688","miRNA"
"31294","ENSG00000265014","MIR3160-1","miRNA"
"31295","ENSG00000283497","MIR3160-2","miRNA"
"31302","ENSG00000263540","MIR5582","miRNA"
"31313","ENSG00000275208","MIR6745","miRNA"
"31325","ENSG00000264583","MIR4487","miRNA"
"31351","ENSG00000263693","MIR3161","miRNA"
"31550","ENSG00000274770","MIR6128","miRNA"
"31587","ENSG00000208009","MIR130A","miRNA"
"31680","ENSG00000264559","MIR3162","miRNA"
"31708","ENSG00000275344","MIR6503","miRNA"
"31760","ENSG00000266006","MIR4488","miRNA"
"31772","ENSG00000284108","MIR611","miRNA"
"31776","ENSG00000284416","MIR1908","miRNA"
"31778","ENSG00000277892","MIR6746","miRNA"
"31807","ENSG00000276102","MIR6747","miRNA"
"31836","ENSG00000284535","MIR6748","miRNA"
"31838","ENSG00000274066","MIR6514","miRNA"
"31923","ENSG00000278359","MIR7155","miRNA"
"31925","ENSG00000221273","MIR1237","miRNA"
"31945","ENSG00000283926","MIR192","miRNA"
"31946","ENSG00000284155","MIR194-2","miRNA"
"31948","ENSG00000274986","MIR6750","miRNA"
"31949","ENSG00000274314","MIR6749","miRNA"
"31956","ENSG00000278851","MIR6879","miRNA"
"31973","ENSG00000284489","MIR6751","miRNA"
"31993","ENSG00000283791","MIR612","miRNA"
"32012","ENSG00000266041","MIR4690","miRNA"
"32014","ENSG00000265874","MIR4489","miRNA"
"32099","ENSG00000266423","MIR3163","miRNA"
"32102","ENSG00000283326","MIR6860","miRNA"
"32128","ENSG00000276769","MIR6752","miRNA"
"32164","ENSG00000284293","MIR7113","miRNA"
"32165","ENSG00000284435","MIR4691","miRNA"
"32167","ENSG00000275022","MIR6753","miRNA"
"32190","ENSG00000265539","MIR3164","miRNA"
"32224","ENSG00000221333","MIR548K","miRNA"
"32238","ENSG00000263744","MIR3664","miRNA"
"32243","ENSG00000278349","MIR6754","miRNA"
"32278","ENSG00000263742","MIR3165","miRNA"
"32307","ENSG00000272036","MIR139","miRNA"
"32316","ENSG00000265064","MIR4692","miRNA"
"32364","ENSG00000264402","MIR548AL","miRNA"
"32377","ENSG00000265902","MIR4696","miRNA"
"32402","ENSG00000199090","MIR326","miRNA"
"32501","ENSG00000211997","MIR708","miRNA"
"32502","ENSG00000266570","MIR5579","miRNA"
"32515","ENSG00000264110","MIR4300","miRNA"
"32578","ENSG00000283744","MIR6755","miRNA"
"32624","ENSG00000266581","MIR3166","miRNA"
"32692","ENSG00000266703","MIR4490","miRNA"
"32694","ENSG00000221586","MIR1261","miRNA"
"32750","ENSG00000284458","MIR1304","miRNA"
"32767","ENSG00000221230","MIR548L","miRNA"
"32805","ENSG00000266192","MIR1260B","miRNA"
"32835","ENSG00000263885","MIR3920","miRNA"
"32885","ENSG00000264200","MIR4693","miRNA"
"32889","ENSG00000280773","MIR7641-1","miRNA"
"32979","ENSG00000264032","MIR4491","miRNA"
"32985","ENSG00000207811","MIR34B","miRNA"
"32986","ENSG00000207562","MIR34C","miRNA"
"33048","ENSG00000265140","MIR4301","miRNA"
"33172","ENSG00000284246","MIR6716","miRNA"
"33185","ENSG00000264211","MIR4492","miRNA"
"33199","ENSG00000283704","MIR3656","miRNA"
"33218","ENSG00000284148","MIR6756","miRNA"
"33265","ENSG00000207971","MIR125B1","miRNA"
"33267","ENSG00000198975","MIRLET7A2","miRNA"
"33268","ENSG00000207994","MIR100","miRNA"
"33298","ENSG00000265357","MIR4493","miRNA"
"33429","ENSG00000266215","MIR3167","miRNA"
"33442","ENSG00000276176","MIR6090","miRNA"
"33482","ENSG00000274999","MIR8052","miRNA"
"33514","ENSG00000284020","MIR4697","miRNA"
"33573","ENSG00000266043","MIR3649","miRNA"
"33736","ENSG00000207713","MIR200C","miRNA"
"33737","ENSG00000207708","MIR141","miRNA"
"33856","ENSG00000283429","MIR1244-3","miRNA"
"33971","ENSG00000283475","MIR1244-4","miRNA"
"33994","ENSG00000207983","MIR613","miRNA"
"34001","ENSG00000283759","MIR614","miRNA"
"34076","ENSG00000283665","MIR3974","miRNA"
"34153","ENSG00000216192","MIR920","miRNA"
"34187","ENSG00000283603","MIR4302","miRNA"
"34414","ENSG00000278520","MIR7851","miRNA"
"34485","ENSG00000263838","MIR4698","miRNA"
"34493","ENSG00000264906","MIR4494","miRNA"
"34527","ENSG00000275770","MIR6505","miRNA"
"34560","ENSG00000281842","MIR1291","miRNA"
"34567","ENSG00000264201","MIR4701","miRNA"
"34647","ENSG00000221604","MIR1293","miRNA"
"34766","ENSG00000278108","MIR6757","miRNA"
"34821","ENSG00000207924","MIR196A2","miRNA"
"34830","ENSG00000207571","MIR615","miRNA"
"34843","ENSG00000283803","MIR3198-2","miRNA"
"34851","ENSG00000199122","MIR148B","miRNA"
"35005","ENSG00000221365","MIR1228","miRNA"
"35020","ENSG00000284152","MIR6758","miRNA"
"35023","ENSG00000208028","MIR616","miRNA"
"35040","ENSG00000283621","MIR6759","miRNA"
"35052","ENSG00000207789","MIR26A2","miRNA"
"35094","ENSG00000284360","MIR6125","miRNA"
"35102","ENSG00000199179","MIRLET7I","miRNA"
"35150","ENSG00000266016","MIR548Z","miRNA"
"35151","ENSG00000207546","MIR548C","miRNA"
"35182","ENSG00000276878","MIR6074","miRNA"
"35192","ENSG00000284011","MIR6502","miRNA"
"35251","ENSG00000283476","MIR1279","miRNA"
"35261","ENSG00000264405","MIR3913-1","miRNA"
"35262","ENSG00000283677","MIR3913-2","miRNA"
"35388","ENSG00000221788","MIR1252","miRNA"
"35412","ENSG00000207763","MIR617","miRNA"
"35414","ENSG00000208022","MIR618","miRNA"
"35417","ENSG00000265227","MIR4699","miRNA"
"35576","ENSG00000266099","MIR5700","miRNA"
"35578","ENSG00000283818","MIR7844","miRNA"
"35581","ENSG00000283998","MIR492","miRNA"
"35591","ENSG00000199172","MIR331","miRNA"
"35592","ENSG00000265917","MIR3685","miRNA"
"35632","ENSG00000221479","MIR1251","miRNA"
"35643","ENSG00000207586","MIR135A2","miRNA"
"35648","ENSG00000265861","MIR4495","miRNA"
"35649","ENSG00000263890","MIR4303","miRNA"
"35676","ENSG00000221476","MIR1827","miRNA"
"35752","ENSG00000284503","MIR3652","miRNA"
"35768","ENSG00000264295","MIR3922","miRNA"
"35832","ENSG00000284388","MIR4496","miRNA"
"35840","ENSG00000207622","MIR619","miRNA"
"35865","ENSG00000263510","MIR4497","miRNA"
"35905","ENSG00000273700","MIR6760","miRNA"
"35920","ENSG00000274697","MIR6761","miRNA"
"35932","ENSG00000266370","MIR3657","miRNA"
"35938","ENSG00000283793","MIR6861","miRNA"
"35946","ENSG00000283507","MIR1302-1","miRNA"
"35958","ENSG00000276908","MIR7106","miRNA"
"35965","ENSG00000274822","MIR6762","miRNA"
"36011","ENSG00000207967","MIR620","miRNA"
"36015","ENSG00000264037","MIR4472-2","miRNA"
"36080","ENSG00000283768","MIR1178","miRNA"
"36088","ENSG00000266704","MIR4498","miRNA"
"36126","ENSG00000284143","MIR4700","miRNA"
"36151","ENSG00000284402","MIR7107","miRNA"
"36209","ENSG00000265526","MIR4304","miRNA"
"36222","ENSG00000284425","MIR8072","miRNA"
"36230","ENSG00000266655","MIR3908","miRNA"
"36261","ENSG00000275967","MIR6880","miRNA"
"36277","ENSG00000265345","MIR5188","miRNA"
"36340","ENSG00000265061","MIR4419B","miRNA"
"36343","ENSG00000265635","MIR3612","miRNA"
"36458","ENSG00000277052","MIR6763","miRNA"
"36576","ENSG00000263978","MIR4499","miRNA"
"36657","ENSG00000252695","MIR2276","miRNA"
"36909","ENSG00000264171","MIR4305","miRNA"
"36921","ENSG00000211491","MIR320D1","miRNA"
"36925","ENSG00000207652","MIR621","miRNA"
"36932","ENSG00000264226","MIR3168","miRNA"
"36950","ENSG00000284584","MIR5006","miRNA"
"36990","ENSG00000276319","MIR8079","miRNA"
"37110","ENSG00000264864","MIR3613","miRNA"
"37114","ENSG00000208006","MIR16-1","miRNA"
"37115","ENSG00000283785","MIR15A","miRNA"
"37141","ENSG00000266072","MIR5693","miRNA"
"37147","ENSG00000266611","MIR4703","miRNA"
"37188","ENSG00000211579","MIR759","miRNA"
"37201","ENSG00000283126","MIR1297","miRNA"
"37206","ENSG00000264387","MIR5007","miRNA"
"37248","ENSG00000266663","MIR3169","miRNA"
"37276","ENSG00000263581","MIR548X2","miRNA"
"37277","ENSG00000263561","MIR4704","miRNA"
"37388","ENSG00000266325","MIR3665","miRNA"
"37456","ENSG00000266052","MIR4500","miRNA"
"37482","ENSG00000283783","MIR622","miRNA"
"37491","ENSG00000284536","MIR17","miRNA"
"37492","ENSG00000283815","MIR18A","miRNA"
"37493","ENSG00000284204","MIR19A","miRNA"
"37494","ENSG00000283762","MIR20A","miRNA"
"37495","ENSG00000284375","MIR19B1","miRNA"
"37496","ENSG00000283705","MIR92A1","miRNA"
"37506","ENSG00000263741","MIR548AS","miRNA"
"37545","ENSG00000283487","MIR4501","miRNA"
"37567","ENSG00000263399","MIR3170","miRNA"
"37593","ENSG00000207719","MIR623","miRNA"
"37604","ENSG00000263615","MIR4306","miRNA"
"37633","ENSG00000265164","MIR2681","miRNA"
"37636","ENSG00000264482","MIR4705","miRNA"
"37684","ENSG00000221650","MIR1267","miRNA"
"37715","ENSG00000276765","MIR8073","miRNA"
"37773","ENSG00000277942","MIR8075","miRNA"
"37805","ENSG00000264539","MIR548AR","miRNA"
"37806","ENSG00000265450","MIR4502","miRNA"
"37967","ENSG00000284122","MIR6717","miRNA"
"38168","ENSG00000284118","MIR4707","miRNA"
"38198","ENSG00000199157","MIR208A","miRNA"
"38201","ENSG00000215991","MIR208B","miRNA"
"38234","ENSG00000283856","MIR7703","miRNA"
"38292","ENSG00000265165","MIR4307","miRNA"
"38295","ENSG00000264657","MIR3171","miRNA"
"38338","ENSG00000207952","MIR624","miRNA"
"38453","ENSG00000266327","MIR4503","miRNA"
"38556","ENSG00000263945","MIR548Y","miRNA"
"38600","ENSG00000278038","MIR6076","miRNA"
"38608","ENSG00000264712","MIR4504","miRNA"
"38689","ENSG00000266431","MIR5580","miRNA"
"38700","ENSG00000265432","MIR4308","miRNA"
"38795","ENSG00000263629","MIR5586","miRNA"
"38876","ENSG00000221537","MIR548H1","miRNA"
"38895","ENSG00000284269","MIR7855","miRNA"
"38904","ENSG00000266531","MIR4706","miRNA"
"38913","ENSG00000266740","MIR4708","miRNA"
"38917","ENSG00000207781","MIR625","miRNA"
"38938","ENSG00000265993","MIR5694","miRNA"
"39043","ENSG00000273830","MIR7843","miRNA"
"39084","ENSG00000264741","MIR4505","miRNA"
"39115","ENSG00000283944","MIR4709","miRNA"
"39157","ENSG00000280494","MIR7641-2","miRNA"
"39202","ENSG00000221754","MIR1260A","miRNA"
"39418","ENSG00000265768","MIR4506","miRNA"
"39449","ENSG00000264607","MIR3173","miRNA"
"39536","ENSG00000265154","MIR151B","miRNA"
"39537","ENSG00000199082","MIR342","miRNA"
"39542","ENSG00000283840","MIR6764","miRNA"
"39546","ENSG00000198984","MIR345","miRNA"
"39564","ENSG00000266461","MIR2392","miRNA"
"39570","ENSG00000211574","MIR770","miRNA"
"39571","ENSG00000207989","MIR493","miRNA"
"39572","ENSG00000199151","MIR337","miRNA"
"39573","ENSG00000283159","MIR665","miRNA"
"39575","ENSG00000208001","MIR431","miRNA"
"39576","ENSG00000207569","MIR433","miRNA"
"39577","ENSG00000207608","MIR127","miRNA"
"39578","ENSG00000272458","MIR432","miRNA"
"39579","ENSG00000207942","MIR136","miRNA"
"39584","ENSG00000199005","MIR370","miRNA"
"39630","ENSG00000199088","MIR379","miRNA"
"39631","ENSG00000199109","MIR411","miRNA"
"39632","ENSG00000207749","MIR299","miRNA"
"39633","ENSG00000198982","MIR380","miRNA"
"39634","ENSG00000221745","MIR1197","miRNA"
"39635","ENSG00000199069","MIR323A","miRNA"
"39636","ENSG00000211582","MIR758","miRNA"
"39637","ENSG00000207761","MIR329-1","miRNA"
"39638","ENSG00000207762","MIR329-2","miRNA"
"39639","ENSG00000194717","MIR494","miRNA"
"39640","ENSG00000221036","MIR1193","miRNA"
"39641","ENSG00000212040","MIR543","miRNA"
"39642","ENSG00000207743","MIR495","miRNA"
"39643","ENSG00000283279","MIR376C","miRNA"
"39644","ENSG00000283561","MIR376A2","miRNA"
"39645","ENSG00000207934","MIR654","miRNA"
"39646","ENSG00000283556","MIR376B","miRNA"
"39647","ENSG00000283588","MIR376A1","miRNA"
"39648","ENSG00000215957","MIR300","miRNA"
"39649","ENSG00000221525","MIR1185-1","miRNA"
"39650","ENSG00000221614","MIR1185-2","miRNA"
"39652","ENSG00000199020","MIR381","miRNA"
"39653","ENSG00000207754","MIR487B","miRNA"
"39654","ENSG00000202560","MIR539","miRNA"
"39655","ENSG00000216099","MIR889","miRNA"
"39656","ENSG00000207587","MIR544A","miRNA"
"39657","ENSG00000207646","MIR655","miRNA"
"39658","ENSG00000207742","MIR487A","miRNA"
"39659","ENSG00000283170","MIR382","miRNA"
"39660","ENSG00000207993","MIR134","miRNA"
"39661","ENSG00000276352","MIR668","miRNA"
"39662","ENSG00000208027","MIR485","miRNA"
"39663","ENSG00000208004","MIR323B","miRNA"
"39664","ENSG00000207978","MIR154","miRNA"
"39665","ENSG00000207961","MIR496","miRNA"
"39666","ENSG00000199015","MIR377","miRNA"
"39668","ENSG00000216179","MIR541","miRNA"
"39669","ENSG00000199107","MIR409","miRNA"
"39670","ENSG00000199012","MIR412","miRNA"
"39671","ENSG00000199025","MIR369","miRNA"
"39672","ENSG00000199092","MIR410","miRNA"
"39673","ENSG00000207959","MIR656","miRNA"
"39684","ENSG00000283857","MIR1247","miRNA"
"39709","ENSG00000266015","MIR4309","miRNA"
"39772","ENSG00000207568","MIR203A","miRNA"
"39773","ENSG00000283165","MIR203B","miRNA"
"39785","ENSG00000265291","MIR4710","miRNA"
"39811","ENSG00000273778","MIR6765","miRNA"
"39833","ENSG00000274172","MIR8071-1","miRNA"
"39835","ENSG00000277030","MIR8071-2","miRNA"
"39846","ENSG00000265612","MIR4539","miRNA"
"39847","ENSG00000264024","MIR4507","miRNA"
"39848","ENSG00000263413","MIR4538","miRNA"
"39849","ENSG00000264781","MIR4537","miRNA"
"40021","ENSG00000265929","MIR5195","miRNA"
"40071","ENSG00000265322","MIR3118-2","miRNA"
"40078","ENSG00000266545","MIR5701-1","miRNA"
"40105","ENSG00000277243","MIR3118-3","miRNA"
"40109","ENSG00000277841","MIR5701-2","miRNA"
"40127","ENSG00000265793","MIR3118-4","miRNA"
"40132","ENSG00000264902","MIR5701-3","miRNA"
"40151","ENSG00000221641","MIR1268A","miRNA"
"40184","ENSG00000276941","MIR4509-1","miRNA"
"40194","ENSG00000265673","MIR4508","miRNA"
"40319","ENSG00000266517","MIR4715","miRNA"
"40358","ENSG00000266039","MIR4509-2","miRNA"
"40362","ENSG00000263964","MIR4509-3","miRNA"
"40458","ENSG00000207702","MIR211","miRNA"
"40528","ENSG00000221649","MIR1233-1","miRNA"
"40536","ENSG00000221065","MIR1233-2","miRNA"
"40560","ENSG00000265102","MIR3942","miRNA"
"40565","ENSG00000265098","MIR4510","miRNA"
"40580","ENSG00000277202","MIR8063","miRNA"
"40706","ENSG00000207766","MIR626","miRNA"
"40716","ENSG00000264850","MIR4310","miRNA"
"40727","ENSG00000207712","MIR627","miRNA"
"40792","ENSG00000221792","MIR1282","miRNA"
"40856","ENSG00000284386","MIR147B","miRNA"
"40919","ENSG00000264210","MIR4716","miRNA"
"40941","ENSG00000284284","MIR4712","miRNA"
"40963","ENSG00000266593","MIR4713","miRNA"
"40965","ENSG00000283614","MIR7973-2","miRNA"
"40966","ENSG00000278098","MIR7973-1","miRNA"
"41004","ENSG00000221052","MIR1266","miRNA"
"41036","ENSG00000283891","MIR628","miRNA"
"41124","ENSG00000253030","MIR2116","miRNA"
"41186","ENSG00000277919","MIR8067","miRNA"
"41187","ENSG00000275451","MIR6085","miRNA"
"41193","ENSG00000211137","MIR190A","miRNA"
"41214","ENSG00000199156","MIR422A","miRNA"
"41241","ENSG00000221033","MIR1272","miRNA"
"41281","ENSG00000264737","MIR4511","miRNA"
"41288","ENSG00000263512","MIR4311","miRNA"
"41301","ENSG00000266589","MIR4512","miRNA"
"41346","ENSG00000265195","MIR4312","miRNA"
"41372","ENSG00000207965","MIR629","miRNA"
"41425","ENSG00000283798","MIR630","miRNA"
"41480","ENSG00000277391","MIR6881","miRNA"
"41494","ENSG00000264386","MIR4513","miRNA"
"41499","ENSG00000275411","MIR6882","miRNA"
"41528","ENSG00000284343","MIR631","miRNA"
"41554","ENSG00000284385","MIR4313","miRNA"
"41573","ENSG00000266449","MIR3713","miRNA"
"41644","ENSG00000207695","MIR184","miRNA"
"41679","ENSG00000284059","MIR5572","miRNA"
"41684","ENSG00000208003","MIR549A","miRNA"
"41689","ENSG00000265855","MIR4514","miRNA"
"41753","ENSG00000263643","MIR4515","miRNA"
"41819","ENSG00000284160","MIR7706","miRNA"
"41832","ENSG00000221634","MIR1276","miRNA"
"41835","ENSG00000264406","MIR548AP","miRNA"
"41860","ENSG00000221630","MIR1179","miRNA"
"41861","ENSG00000207703","MIR7-2","miRNA"
"41862","ENSG00000283484","MIR3529","miRNA"
"41882","ENSG00000275101","MIR6766","miRNA"
"41886","ENSG00000284329","MIR9-3","miRNA"
"41906","ENSG00000264966","MIR5094","miRNA"
"41908","ENSG00000264796","MIR5009","miRNA"
"41915","ENSG00000265871","MIR3174","miRNA"
"42008","ENSG00000284324","MIR3175","miRNA"
"42053","ENSG00000283888","MIR1469","miRNA"
"42095","ENSG00000264480","MIR4714","miRNA"
"42186","ENSG00000284557","MIR1302-10","miRNA"
"42188","ENSG00000275449","MIR6859-3","miRNA"
"42192","ENSG00000278739","MIR6859-4","miRNA"
"42232","ENSG00000266124","MIR5587","miRNA"
"42233","ENSG00000266235","MIR3176","miRNA"
"42265","ENSG00000207579","MIR662","miRNA"
"42338","ENSG00000265820","MIR3177","miRNA"
"42377","ENSG00000221656","MIR1225","miRNA"
"42380","ENSG00000284008","MIR6511B1","miRNA"
"42384","ENSG00000265867","MIR4516","miRNA"
"42385","ENSG00000264397","MIR3180-5","miRNA"
"42403","ENSG00000266643","MIR3677","miRNA"
"42404","ENSG00000284346","MIR940","miRNA"
"42405","ENSG00000264004","MIR4717","miRNA"
"42410","ENSG00000283180","MIR6767","miRNA"
"42414","ENSG00000274805","MIR6768","miRNA"
"42425","ENSG00000266232","MIR3178","miRNA"
"42516","ENSG00000273776","MIR6126","miRNA"
"42564","ENSG00000276641","MIR6769A","miRNA"
"42596","ENSG00000273648","MIR8065","miRNA"
"42690","ENSG00000221801","MIR548H2","miRNA"
"42729","ENSG00000264733","MIR4718","miRNA"
"42752","ENSG00000207639","MIR193B","miRNA"
"42753","ENSG00000199130","MIR365A","miRNA"
"42771","ENSG00000284305","MIR3179-1","miRNA"
"42772","ENSG00000263918","MIR3670-1","miRNA"
"42774","ENSG00000265537","MIR3180-1","miRNA"
"42778","ENSG00000275259","MIR6511A1","miRNA"
"42779","ENSG00000278265","MIR6770-1","miRNA"
"42783","ENSG00000238728","MIR1972-1","miRNA"
"42791","ENSG00000283346","MIR6511B2","miRNA"
"42793","ENSG00000264115","MIR3180-4","miRNA"
"42802","ENSG00000284184","MIR6506","miRNA"
"42804","ENSG00000283736","MIR484","miRNA"
"42822","ENSG00000257381","MIR3179-2","miRNA"
"42823","ENSG00000264722","MIR3670-2","miRNA"
"42825","ENSG00000265373","MIR3180-2","miRNA"
"42829","ENSG00000278221","MIR6511A2","miRNA"
"42830","ENSG00000277698","MIR6770-2","miRNA"
"42833","ENSG00000276311","MIR6511A3","miRNA"
"42860","ENSG00000273613","MIR6511A4","miRNA"
"42864","ENSG00000275391","MIR6770-3","miRNA"
"42867","ENSG00000266291","MIR3180-3","miRNA"
"42868","ENSG00000265776","MIR3670-3","miRNA"
"42870","ENSG00000266454","MIR3179-3","miRNA"
"42872","ENSG00000274025","MIR3670-4","miRNA"
"42873","ENSG00000277014","MIR3179-4","miRNA"
"42957","ENSG00000265462","MIR3680-1","miRNA"
"43033","ENSG00000274466","MIR1273H","miRNA"
"43065","ENSG00000265005","MIR548W","miRNA"
"43106","ENSG00000275429","MIR6862-1","miRNA"
"43128","ENSG00000278340","MIR6862-2","miRNA"
"43139","ENSG00000283845","MIR4721","miRNA"
"43149","ENSG00000284541","MIR4517","miRNA"
"43186","ENSG00000266758","MIR3680-2","miRNA"
"43267","ENSG00000266305","MIR4518","miRNA"
"43305","ENSG00000265991","MIR4519","miRNA"
"43307","ENSG00000211591","MIR762","miRNA"
"43682","ENSG00000274969","MIR6771","miRNA"
"43697","ENSG00000264947","MIR3181","miRNA"
"43801","ENSG00000265281","MIR3935","miRNA"
"43833","ENSG00000207649","MIR138-2","miRNA"
"43835","ENSG00000283471","MIR6863","miRNA"
"43876","ENSG00000274816","MIR6772","miRNA"
"44018","ENSG00000207948","MIR328","miRNA"
"44087","ENSG00000284259","MIR6773","miRNA"
"44146","ENSG00000223109","MIR1538","miRNA"
"44156","ENSG00000208017","MIR140","miRNA"
"44162","ENSG00000239118","MIR1972-2","miRNA"
"44349","ENSG00000266426","MIR4719","miRNA"
"44431","ENSG00000284473","MIR4720","miRNA"
"44437","ENSG00000277255","MIR7854","miRNA"
"44438","ENSG00000275109","MIR6504","miRNA"
"44457","ENSG00000277387","MIR8058","miRNA"
"44463","ENSG00000263785","MIR3182","miRNA"
"44511","ENSG00000266307","MIR5093","miRNA"
"44519","ENSG00000283416","MIR1910","miRNA"
"44530","ENSG00000274134","MIR6774","miRNA"
"44592","ENSG00000278598","MIR6775","miRNA"
"44609","ENSG00000263456","MIR5189","miRNA"
"44622","ENSG00000284585","MIR4722","miRNA"
"44726","ENSG00000264429","MIR3183","miRNA"
"44749","ENSG00000283824","MIR22","miRNA"
"44765","ENSG00000267200","MIR132","miRNA"
"44766","ENSG00000267195","MIR212","miRNA"
"44803","ENSG00000273606","MIR6776","miRNA"
"44807","ENSG00000221200","MIR1253","miRNA"
"44907","ENSG00000274300","MIR6864","miRNA"
"44908","ENSG00000278517","MIR6865","miRNA"
"44958","ENSG00000264468","MIR4520-1","miRNA"
"44959","ENSG00000283301","MIR4520-2","miRNA"
"44979","ENSG00000284112","MIR195","miRNA"
"44980","ENSG00000284027","MIR497","miRNA"
"44992","ENSG00000199053","MIR324","miRNA"
"45079","ENSG00000264005","MIR4314","miRNA"
"45083","ENSG00000284117","MIR6883","miRNA"
"45089","ENSG00000283160","MIR4521","miRNA"
"45186","ENSG00000266297","MIR744","miRNA"
"45194","ENSG00000265503","MIR1269B","miRNA"
"45202","ENSG00000221698","MIR548H3","miRNA"
"45226","ENSG00000265110","MIR4731","miRNA"
"45278","ENSG00000221355","MIR1288","miRNA"
"45354","ENSG00000274111","MIR6777","miRNA"
"45355","ENSG00000207839","MIR33B","miRNA"
"45378","ENSG00000283772","MIR6778","miRNA"
"45450","ENSG00000221540","MIR1180","miRNA"
"45624","ENSG00000263583","MIR4522","miRNA"
"45674","ENSG00000284532","MIR4723","miRNA"
"45726","ENSG00000284565","MIR451A","miRNA"
"45727","ENSG00000283364","MIR451B","miRNA"
"45728","ENSG00000283819","MIR144","miRNA"
"45729","ENSG00000284085","MIR4732","miRNA"
"45754","ENSG00000284162","MIR4523","miRNA"
"45786","ENSG00000283935","MIR423","miRNA"
"45787","ENSG00000284399","MIR3184","miRNA"
"45844","ENSG00000265444","MIR4733","miRNA"
"45856","ENSG00000284424","MIR4724","miRNA"
"45857","ENSG00000207614","MIR193A","miRNA"
"45861","ENSG00000265976","MIR4725","miRNA"
"45862","ENSG00000283978","MIR365B","miRNA"
"45896","ENSG00000283774","MIR632","miRNA"
"46073","ENSG00000276326","MIR2909","miRNA"
"46089","ENSG00000274620","MIR378J","miRNA"
"46116","ENSG00000275238","MIR4734","miRNA"
"46121","ENSG00000273627","MIR4726","miRNA"
"46131","ENSG00000274054","MIR4727","miRNA"
"46139","ENSG00000277057","MIR6779","miRNA"
"46172","ENSG00000265178","MIR4728","miRNA"
"46188","ENSG00000283721","MIR6884","miRNA"
"46195","ENSG00000284144","MIR6866","miRNA"
"46197","ENSG00000274621","MIR6867","miRNA"
"46296","ENSG00000283796","MIR6510","miRNA"
"46344","ENSG00000264314","MIR548AT","miRNA"
"46347","ENSG00000283929","MIR5010","miRNA"
"46369","ENSG00000275273","MIR6780A","miRNA"
"46380","ENSG00000278447","MIR6781","miRNA"
"46428","ENSG00000284344","MIR2117","miRNA"
"46468","ENSG00000275107","MIR6782","miRNA"
"46509","ENSG00000278223","MIR6783","miRNA"
"46517","ENSG00000277249","MIR6784","miRNA"
"46537","ENSG00000284055","MIR4315-1","miRNA"
"46586","ENSG00000264999","MIR5089","miRNA"
"46629","ENSG00000207947","MIR152","miRNA"
"46638","ENSG00000221739","MIR1203","miRNA"
"46654","ENSG00000284038","MIR10A","miRNA"
"46661","ENSG00000210741","MIR196A1","miRNA"
"46671","ENSG00000263602","MIR3185","miRNA"
"46701","ENSG00000273500","MIR6129","miRNA"
"46715","ENSG00000277478","MIR6165","miRNA"
"46782","ENSG00000278672","MIR8059","miRNA"
"46852","ENSG00000284542","MIR3614","miRNA"
"46898","ENSG00000284353","MIR142","miRNA"
"46899","ENSG00000264399","MIR4736","miRNA"
"46928","ENSG00000211514","MIR454","miRNA"
"46929","ENSG00000207996","MIR301A","miRNA"
"46940","ENSG00000263857","MIR4729","miRNA"
"46950","ENSG00000284190","MIR21","miRNA"
"46964","ENSG00000264049","MIR4737","miRNA"
"47043","ENSG00000207552","MIR633","miRNA"
"47104","ENSG00000265031","MIR1273E","miRNA"
"47109","ENSG00000284564","MIR3064","miRNA"
"47110","ENSG00000284368","MIR5047","miRNA"
"47121","ENSG00000278581","MIR6080","miRNA"
"47122","ENSG00000284172","MIR4315-2","miRNA"
"47160","ENSG00000207943","MIR634","miRNA"
"47178","ENSG00000263690","MIR548D2","miRNA"
"47179","ENSG00000207688","MIR548AA2","miRNA"
"47213","ENSG00000207561","MIR635","miRNA"
"47225","ENSG00000265331","MIR4524B","miRNA"
"47226","ENSG00000283385","MIR4524A","miRNA"
"47313","ENSG00000284186","MIR3615","miRNA"
"47354","ENSG00000264511","MIR3678","miRNA"
"47358","ENSG00000284595","MIR6785","miRNA"
"47372","ENSG00000283853","MIR4738","miRNA"
"47395","ENSG00000275360","MIR6868","miRNA"
"47437","ENSG00000283805","MIR636","miRNA"
"47449","ENSG00000284250","MIR6516","miRNA"
"47456","ENSG00000264060","MIR4316","miRNA"
"47516","ENSG00000266665","MIR4739","miRNA"
"47532","ENSG00000265561","MIR1268B","miRNA"
"47547","ENSG00000264961","MIR4730","miRNA"
"47569","ENSG00000207736","MIR657","miRNA"
"47570","ENSG00000211563","MIR3065","miRNA"
"47571","ENSG00000283604","MIR338","miRNA"
"47572","ENSG00000221025","MIR1250","miRNA"
"47593","ENSG00000266392","MIR4740","miRNA"
"47594","ENSG00000266189","MIR3186","miRNA"
"47609","ENSG00000277784","MIR6786","miRNA"
"47655","ENSG00000284574","MIR6787","miRNA"
"47686","ENSG00000266107","MIR4525","miRNA"
"47714","ENSG00000277521","MIR8078","miRNA"
"47800","ENSG00000275518","MIR6718","miRNA"
"47824","ENSG00000272380","MIR3976","miRNA"
"47832","ENSG00000283532","MIR4317","miRNA"
"47920","ENSG00000274838","MIR6788","miRNA"
"47934","ENSG00000283492","MIR7153","miRNA"
"48000","ENSG00000266146","MIR5190","miRNA"
"48008","ENSG00000263527","MIR4526","miRNA"
"48049","ENSG00000265499","MIR3156-2","miRNA"
"48080","ENSG00000221493","MIR320C1","miRNA"
"48087","ENSG00000283927","MIR133A1","miRNA"
"48088","ENSG00000284453","MIR1-2","miRNA"
"48113","ENSG00000284331","MIR4741","miRNA"
"48142","ENSG00000212051","MIR320C2","miRNA"
"48179","ENSG00000276221","MIR8057","miRNA"
"48207","ENSG00000283218","MIR302F","miRNA"
"48297","ENSG00000283514","MIR3975","miRNA"
"48301","ENSG00000207797","MIR187","miRNA"
"48302","ENSG00000265641","MIR3929","miRNA"
"48324","ENSG00000266530","MIR4318","miRNA"
"48332","ENSG00000283615","MIR924","miRNA"
"48333","ENSG00000283645","MIR5583-2","miRNA"
"48334","ENSG00000266148","MIR5583-1","miRNA"
"48360","ENSG00000265957","MIR4319","miRNA"
"48407","ENSG00000266582","MIR4527","miRNA"
"48427","ENSG00000266276","MIR4743","miRNA"
"48436","ENSG00000263849","MIR4744","miRNA"
"48445","ENSG00000284239","MIR1539","miRNA"
"48466","ENSG00000283343","MIR4320","miRNA"
"48500","ENSG00000263872","MIR4528","miRNA"
"48527","ENSG00000264571","MIR4529","miRNA"
"48571","ENSG00000284440","MIR122","miRNA"
"48572","ENSG00000207778","MIR3591","miRNA"
"48693","ENSG00000263354","MIR5011","miRNA"
"48756","ENSG00000263750","MIR548AV","miRNA"
"48884","ENSG00000283801","MIR1302-11","miRNA"
"48931","ENSG00000284361","MIR4745","miRNA"
"48933","ENSG00000263414","MIR3187","miRNA"
"49002","ENSG00000284216","MIR1909","miRNA"
"49026","ENSG00000221411","MIR1227","miRNA"
"49027","ENSG00000284129","MIR6789","miRNA"
"49030","ENSG00000284272","MIR4321","miRNA"
"49041","ENSG00000283728","MIR7108","miRNA"
"49049","ENSG00000277904","MIR7850","miRNA"
"49118","ENSG00000283928","MIR637","miRNA"
"49146","ENSG00000266437","MIR4746","miRNA"
"49164","ENSG00000207630","MIR7-3","miRNA"
"49173","ENSG00000263409","MIR4747","miRNA"
"49223","ENSG00000274390","MIR6885","miRNA"
"49224","ENSG00000273758","MIR6790","miRNA"
"49227","ENSG00000284159","MIR3940","miRNA"
"49246","ENSG00000283950","MIR6791","miRNA"
"49279","ENSG00000273657","MIR6792","miRNA"
"49329","ENSG00000265390","MIR4999","miRNA"
"49408","ENSG00000266204","MIR5589","miRNA"
"49420","ENSG00000264266","MIR4322","miRNA"
"49437","ENSG00000284268","MIR1181","miRNA"
"49444","ENSG00000221410","MIR1238","miRNA"
"49454","ENSG00000207972","MIR638","miRNA"
"49455","ENSG00000265879","MIR4748","miRNA"
"49456","ENSG00000207752","MIR199A1","miRNA"
"49457","ENSG00000275640","MIR6793","miRNA"
"49469","ENSG00000284553","MIR6886","miRNA"
"49494","ENSG00000274713","MIR7974","miRNA"
"49587","ENSG00000263800","MIR5684","miRNA"
"49596","ENSG00000276181","MIR6794","miRNA"
"49603","ENSG00000266721","MIR5695","miRNA"
"49607","ENSG00000274417","MIR6515","miRNA"
"49634","ENSG00000284387","MIR24-2","miRNA"
"49635","ENSG00000207808","MIR27A","miRNA"
"49636","ENSG00000207980","MIR23A","miRNA"
"49638","ENSG00000207613","MIR181C","miRNA"
"49639","ENSG00000207585","MIR181D","miRNA"
"49652","ENSG00000284081","MIR1199","miRNA"
"49675","ENSG00000283822","MIR639","miRNA"
"49708","ENSG00000275711","MIR6795","miRNA"
"49720","ENSG00000269782","MIR1470","miRNA"
"49884","ENSG00000267959","MIR3188","miRNA"
"49890","ENSG00000264175","MIR3189","miRNA"
"49941","ENSG00000207821","MIR640","miRNA"
"49998","ENSG00000238517","MIR1270","miRNA"
"50343","ENSG00000284065","MIR6887","miRNA"
"50360","ENSG00000284034","MIR5196","miRNA"
"50576","ENSG00000266559","MIR4530","miRNA"
"50607","ENSG00000277759","MIR6719","miRNA"
"50624","ENSG00000207631","MIR641","miRNA"
"50631","ENSG00000275652","MIR6796","miRNA"
"50719","ENSG00000276926","MIR6797","miRNA"
"50730","ENSG00000266226","MIR4323","miRNA"
"50743","ENSG00000277533","MIR8077","miRNA"
"50848","ENSG00000283673","MIR4531","miRNA"
"50854","ENSG00000284258","MIR8085","miRNA"
"50895","ENSG00000275726","MIR6088","miRNA"
"50903","ENSG00000284544","MIR330","miRNA"
"50907","ENSG00000207773","MIR642A","miRNA"
"50908","ENSG00000283212","MIR642B","miRNA"
"50929","ENSG00000211580","MIR769","miRNA"
"50971","ENSG00000211513","MIR320E","miRNA"
"50989","ENSG00000265134","MIR3190","miRNA"
"50990","ENSG00000284411","MIR3191","miRNA"
"51080","ENSG00000273898","MIR6798","miRNA"
"51111","ENSG00000265407","MIR4324","miRNA"
"51134","ENSG00000207782","MIR150","miRNA"
"51148","ENSG00000274306","MIR5088","miRNA"
"51156","ENSG00000276270","MIR6799","miRNA"
"51160","ENSG00000284114","MIR6800","miRNA"
"51164","ENSG00000265954","MIR4749","miRNA"
"51169","ENSG00000284394","MIR4750","miRNA"
"51174","ENSG00000283842","MIR4751","miRNA"
"51258","ENSG00000278617","MIR8074","miRNA"
"51304","ENSG00000207550","MIR99B","miRNA"
"51305","ENSG00000198972","MIRLET7E","miRNA"
"51306","ENSG00000208008","MIR125A","miRNA"
"51335","ENSG00000274380","MIR6801","miRNA"
"51340","ENSG00000208002","MIR643","miRNA"
"51418","ENSG00000207645","MIR512-1","miRNA"
"51419","ENSG00000207644","MIR512-2","miRNA"
"51420","ENSG00000221017","MIR1323","miRNA"
"51421","ENSG00000207869","MIR498","miRNA"
"51422","ENSG00000207599","MIR520E","miRNA"
"51423","ENSG00000207616","MIR515-1","miRNA"
"51424","ENSG00000207810","MIR519E","miRNA"
"51425","ENSG00000283540","MIR520F","miRNA"
"51426","ENSG00000207615","MIR515-2","miRNA"
"51427","ENSG00000207788","MIR519C","miRNA"
"51428","ENSG00000221421","MIR1283-1","miRNA"
"51429","ENSG00000207594","MIR520A","miRNA"
"51430","ENSG00000207580","MIR526B","miRNA"
"51431","ENSG00000207825","MIR519B","miRNA"
"51432","ENSG00000207711","MIR525","miRNA"
"51433","ENSG00000283455","MIR523","miRNA"
"51434","ENSG00000207706","MIR518F","miRNA"
"51435","ENSG00000207722","MIR520B","miRNA"
"51436","ENSG00000207862","MIR518B","miRNA"
"51437","ENSG00000207629","MIR526A1","miRNA"
"51438","ENSG00000207738","MIR520C","miRNA"
"51439","ENSG00000283490","MIR518C","miRNA"
"51440","ENSG00000283289","MIR524","miRNA"
"51441","ENSG00000207734","MIR517A","miRNA"
"51442","ENSG00000207981","MIR519D","miRNA"
"51443","ENSG00000207549","MIR521-2","miRNA"
"51445","ENSG00000207735","MIR520D","miRNA"
"51446","ENSG00000207837","MIR517B","miRNA"
"51447","ENSG00000207799","MIR520G","miRNA"
"51448","ENSG00000207925","MIR516B2","miRNA"
"51449","ENSG00000211532","MIR526A2","miRNA"
"51450","ENSG00000207987","MIR518E","miRNA"
"51451","ENSG00000207803","MIR518A1","miRNA"
"51453","ENSG00000283330","MIR518D","miRNA"
"51454","ENSG00000207946","MIR516B1","miRNA"
"51455","ENSG00000207699","MIR518A2","miRNA"
"51456","ENSG00000207838","MIR517C","miRNA"
"51457","ENSG00000207861","MIR520H","miRNA"
"51459","ENSG00000207634","MIR521-1","miRNA"
"51461","ENSG00000283685","MIR522","miRNA"
"51462","ENSG00000207992","MIR519A1","miRNA"
"51463","ENSG00000207979","MIR527","miRNA"
"51464","ENSG00000207767","MIR516A1","miRNA"
"51465","ENSG00000221548","MIR1283-2","miRNA"
"51467","ENSG00000207620","MIR516A2","miRNA"
"51469","ENSG00000284362","MIR519A2","miRNA"
"51475","ENSG00000199031","MIR371A","miRNA"
"51476","ENSG00000284568","MIR371B","miRNA"
"51477","ENSG00000199095","MIR372","miRNA"
"51478","ENSG00000199143","MIR373","miRNA"
"51488","ENSG00000284583","MIR935","miRNA"
"51515","ENSG00000264703","MIR4752","miRNA"
"51548","ENSG00000277636","MIR8061","miRNA"
"51580","ENSG00000275863","MIR7975","miRNA"
"51593","ENSG00000275519","MIR6804","miRNA"
"51594","ENSG00000278328","MIR6802","miRNA"
"51595","ENSG00000278264","MIR6803","miRNA"
"51610","ENSG00000284029","MIR6805","miRNA"
"51796","ENSG00000277588","MIR6806","miRNA"
"51807","ENSG00000266640","MIR4754","miRNA"
"51827","ENSG00000275924","MIR6807","miRNA"
"51876","ENSG00000284436","MIR6869","miRNA"
"51909","ENSG00000284481","MIR1292","miRNA"
"51960","ENSG00000199024","MIR103A2","miRNA"
"51961","ENSG00000283320","MIR103B2","miRNA"
"52033","ENSG00000278159","MIR8062","miRNA"
"52067","ENSG00000273745","MIR6870","miRNA"
"52170","ENSG00000265137","MIR3192","miRNA"
"52353","ENSG00000284419","MIR663A","miRNA"
"52408","ENSG00000264395","MIR3193","miRNA"
"52434","ENSG00000284125","MIR1825","miRNA"
"52489","ENSG00000264616","MIR4755","miRNA"
"52504","ENSG00000207997","MIR644A","miRNA"
"52519","ENSG00000207635","MIR499A","miRNA"
"52520","ENSG00000283441","MIR499B","miRNA"
"52539","ENSG00000221763","MIR1289-1","miRNA"
"52641","ENSG00000275453","MIR548O2","miRNA"
"52673","ENSG00000276169","MIR6871","miRNA"
"52731","ENSG00000266151","MIR3646","miRNA"
"52772","ENSG00000273555","MIR6812","miRNA"
"52792","ENSG00000266071","MIR3617","miRNA"
"52843","ENSG00000264901","MIR3616","miRNA"
"52922","ENSG00000208018","MIR645","miRNA"
"52924","ENSG00000221091","MIR1302-5","miRNA"
"52940","ENSG00000266761","MIR3194","miRNA"
"52974","ENSG00000265595","MIR4756","miRNA"
"53013","ENSG00000266666","MIR4325","miRNA"
"53028","ENSG00000263453","MIR4532","miRNA"
"53049","ENSG00000284040","MIR296","miRNA"
"53050","ENSG00000216031","MIR298","miRNA"
"53084","ENSG00000207802","MIR646","miRNA"
"53086","ENSG00000266140","MIR4533","miRNA"
"53087","ENSG00000265617","MIR548AG2","miRNA"
"53098","ENSG00000284193","MIR1257","miRNA"
"53100","ENSG00000265306","MIR3195","miRNA"
"53111","ENSG00000284074","MIR4758","miRNA"
"53124","ENSG00000199017","MIR1-1","miRNA"
"53125","ENSG00000284508","MIR133A2","miRNA"
"53160","ENSG00000207598","MIR124-3","miRNA"
"53164","ENSG00000266463","MIR3196","miRNA"
"53168","ENSG00000266104","MIR4326","miRNA"
"53206","ENSG00000283206","MIR941-1","miRNA"
"53207","ENSG00000216141","MIR941-2","miRNA"
"53208","ENSG00000283513","MIR941-3","miRNA"
"53209","ENSG00000216195","MIR941-4","miRNA"
"53210","ENSG00000275842","MIR941-5","miRNA"
"53212","ENSG00000284433","MIR1914","miRNA"
"53213","ENSG00000207554","MIR647","miRNA"
"53223","ENSG00000274034","MIR6813","miRNA"
"53273","ENSG00000284550","MIR8069-1","miRNA"
"53298","ENSG00000275950","MIR6724-1","miRNA"
"53300","ENSG00000275708","MIR3648-1","miRNA"
"53301","ENSG00000277437","MIR3687-1","miRNA"
"53304","ENSG00000274060","MIR6724-2","miRNA"
"53309","ENSG00000277379","MIR6724-3","miRNA"
"53313","ENSG00000275692","MIR6724-4","miRNA"
"53324","ENSG00000264462","MIR3648-2","miRNA"
"53325","ENSG00000264063","MIR3687-2","miRNA"
"53367","ENSG00000266211","MIR3156-3","miRNA"
"53376","ENSG00000266299","MIR3118-1","miRNA"
"53382","ENSG00000278618","MIR8069-2","miRNA"
"53438","ENSG00000207638","MIR99A","miRNA"
"53439","ENSG00000199030","MIRLET7C","miRNA"
"53441","ENSG00000207863","MIR125B2","miRNA"
"53470","ENSG00000265841","MIR548X","miRNA"
"53511","ENSG00000275469","MIR6130","miRNA"
"53541","ENSG00000283904","MIR155","miRNA"
"53564","ENSG00000266133","MIR4759","miRNA"
"53618","ENSG00000265007","MIR4327","miRNA"
"53720","ENSG00000284448","MIR6501","miRNA"
"53753","ENSG00000211590","MIR802","miRNA"
"53847","ENSG00000275523","MIR6508","miRNA"
"53858","ENSG00000263973","MIR4760","miRNA"
"53864","ENSG00000263681","MIR3197","miRNA"
"53881","ENSG00000275166","MIR6814","miRNA"
"53914","ENSG00000264580","MIR5692B","miRNA"
"53933","ENSG00000278433","MIR6070","miRNA"
"54028","ENSG00000275167","MIR6815","miRNA"
"54170","ENSG00000264757","MIR3198-1","miRNA"
"54174","ENSG00000207780","MIR648","miRNA"
"54270","ENSG00000284031","MIR4761","miRNA"
"54273","ENSG00000208023","MIR185","miRNA"
"54278","ENSG00000284140","MIR3618","miRNA"
"54279","ENSG00000284464","MIR1306","miRNA"
"54282","ENSG00000278278","MIR6816","miRNA"
"54290","ENSG00000221039","MIR1286","miRNA"
"54336","ENSG00000207575","MIR649","miRNA"
"54377","ENSG00000212102","MIR301B","miRNA"
"54378","ENSG00000283871","MIR130B","miRNA"
"54499","ENSG00000284049","MIR650","miRNA"
"54508","ENSG00000264824","MIR5571","miRNA"
"54639","ENSG00000277872","MIR6817","miRNA"
"54664","ENSG00000221760","MIR548J","miRNA"
"54702","ENSG00000264073","MIR3199-1","miRNA"
"54703","ENSG00000283225","MIR3199-2","miRNA"
"54711","ENSG00000276162","MIR5739","miRNA"
"54736","ENSG00000280968","MIR3653","miRNA"
"54760","ENSG00000275818","MIR6818","miRNA"
"54800","ENSG00000264661","MIR3200","miRNA"
"54820","ENSG00000264141","MIR3928","miRNA"
"54841","ENSG00000284082","MIR7109","miRNA"
"54895","ENSG00000266012","MIR4764","miRNA"
"54916","ENSG00000266320","MIR3909","miRNA"
"54917","ENSG00000274280","MIR6069","miRNA"
"54949","ENSG00000278420","MIR6819","miRNA"
"55009","ENSG00000284197","MIR658","miRNA"
"55010","ENSG00000207696","MIR659","miRNA"
"55019","ENSG00000284289","MIR6820","miRNA"
"55021","ENSG00000284266","MIR4534","miRNA"
"55122","ENSG00000266594","MIR4766","miRNA"
"55134","ENSG00000284015","MIR1281","miRNA"
"55143","ENSG00000274552","MIR6889","miRNA"
"55167","ENSG00000207932","MIR33A","miRNA"
"55170","ENSG00000283829","MIR378I","miRNA"
"55268","ENSG00000221598","MIR1249","miRNA"
"55281","ENSG00000264160","MIR4762","miRNA"
"55295","ENSG00000266533","MIR3619","miRNA"
"55296","ENSG00000283990","MIRLET7A3","miRNA"
"55297","ENSG00000284175","MIR4763","miRNA"
"55298","ENSG00000284520","MIRLET7B","miRNA"
"55328","ENSG00000266508","MIR3201","miRNA"
"55332","ENSG00000266887","MIR4535","miRNA"
"55339","ENSG00000264139","MIR3667","miRNA"
"55359","ENSG00000276753","MIR6821","miRNA"
"55427","ENSG00000265658","MIR3690","miRNA"
"55442","ENSG00000277120","MIR6089","miRNA"
"55479","ENSG00000265284","MIR4770","miRNA"
"55486","ENSG00000264268","MIR4767","miRNA"
"55493","ENSG00000207628","MIR651","miRNA"
"55538","ENSG00000263652","MIR548AX","miRNA"
"55568","ENSG00000283493","MIR6086","miRNA"
"55611","ENSG00000265144","MIR548AM","miRNA"
"55627","ENSG00000265465","MIR4768","miRNA"
"55660","ENSG00000264566","MIR23C","miRNA"
"55762","ENSG00000277569","MIR6134","miRNA"
"55770","ENSG00000264090","MIR4666B","miRNA"
"55795","ENSG00000263600","MIR3915","miRNA"
"55796","ENSG00000221348","MIR548F5","miRNA"
"55848","ENSG00000221466","MIR548AJ2","miRNA"
"55868","ENSG00000263730","MIR3937","miRNA"
"55873","ENSG00000263972","MIR1587","miRNA"
"55951","ENSG00000207870","MIR221","miRNA"
"55952","ENSG00000207725","MIR222","miRNA"
"56005","ENSG00000263858","MIR4769","miRNA"
"56128","ENSG00000207758","MIR532","miRNA"
"56129","ENSG00000207768","MIR188","miRNA"
"56130","ENSG00000207785","MIR500A","miRNA"
"56131","ENSG00000208015","MIR362","miRNA"
"56132","ENSG00000211538","MIR501","miRNA"
"56133","ENSG00000239057","MIR500B","miRNA"
"56134","ENSG00000207970","MIR660","miRNA"
"56135","ENSG00000272080","MIR502","miRNA"
"56175","ENSG00000275335","MIR8088","miRNA"
"56224","ENSG00000276575","MIR6895","miRNA"
"56225","ENSG00000277474","MIR6894","miRNA"
"56233","ENSG00000278204","MIR6857","miRNA"
"56240","ENSG00000271886","MIR98","miRNA"
"56241","ENSG00000208012","MIRLET7F2","miRNA"
"56281","ENSG00000283334","MIR4536-1","miRNA"
"56282","ENSG00000266328","MIR4536-2","miRNA"
"56327","ENSG00000222532","MIR1468","miRNA"
"56359","ENSG00000284567","MIR223","miRNA"
"56398","ENSG00000211991","MIR676","miRNA"
"56535","ENSG00000202566","MIR421","miRNA"
"56536","ENSG00000212027","MIR374B","miRNA"
"56537","ENSG00000283534","MIR374C","miRNA"
"56543","ENSG00000207820","MIR545","miRNA"
"56544","ENSG00000199168","MIR374A","miRNA"
"56583","ENSG00000283242","MIR384","miRNA"
"56584","ENSG00000207995","MIR325","miRNA"
"56607","ENSG00000283622","MIR4328","miRNA"
"56645","ENSG00000221494","MIR548I4","miRNA"
"56658","ENSG00000283435","MIR1321","miRNA"
"56662","ENSG00000199051","MIR361","miRNA"
"56726","ENSG00000221187","MIR548M","miRNA"
"56916","ENSG00000263515","MIR548AN","miRNA"
"56955","ENSG00000275110","MIR6087","miRNA"
"56966","ENSG00000208013","MIR652","miRNA"
"56967","ENSG00000265584","MIR3978","miRNA"
"57000","ENSG00000283775","MIR4329","miRNA"
"57017","ENSG00000212100","MIR764","miRNA"
"57018","ENSG00000222321","MIR1912","miRNA"
"57019","ENSG00000276158","MIR1264","miRNA"
"57020","ENSG00000221710","MIR1298","miRNA"
"57021","ENSG00000222715","MIR1911","miRNA"
"57023","ENSG00000199001","MIR448","miRNA"
"57068","ENSG00000221463","MIR1277","miRNA"
"57101","ENSG00000211578","MIR766","miRNA"
"57164","ENSG00000265456","MIR3672","miRNA"
"57302","ENSG00000284499","MIR363","miRNA"
"57303","ENSG00000284538","MIR92A2","miRNA"
"57304","ENSG00000284107","MIR19B2","miRNA"
"57305","ENSG00000284043","MIR20B","miRNA"
"57306","ENSG00000283931","MIR18B","miRNA"
"57307","ENSG00000284157","MIR106A","miRNA"
"57314","ENSG00000216001","MIR450B","miRNA"
"57315","ENSG00000199132","MIR450A1","miRNA"
"57316","ENSG00000207755","MIR450A2","miRNA"
"57317","ENSG00000207784","MIR542","miRNA"
"57319","ENSG00000208005","MIR503","miRNA"
"57320","ENSG00000284231","MIR424","miRNA"
"57392","ENSG00000216060","MIR934","miRNA"
"57424","ENSG00000207800","MIR504","miRNA"
"57435","ENSG00000207633","MIR505","miRNA"
"57450","ENSG00000221081","MIR320D2","miRNA"
"57498","ENSG00000252219","MIR892C","miRNA"
"57499","ENSG00000216075","MIR890","miRNA"
"57500","ENSG00000216005","MIR888","miRNA"
"57501","ENSG00000215943","MIR892A","miRNA"
"57502","ENSG00000216098","MIR892B","miRNA"
"57503","ENSG00000216064","MIR891B","miRNA"
"57504","ENSG00000216056","MIR891A","miRNA"
"57514","ENSG00000216171","MIR513C","miRNA"
"57515","ENSG00000207871","MIR513B","miRNA"
"57516","ENSG00000207873","MIR513A1","miRNA"
"57517","ENSG00000207984","MIR513A2","miRNA"
"57518","ENSG00000207731","MIR506","miRNA"
"57519","ENSG00000207969","MIR507","miRNA"
"57520","ENSG00000207589","MIR508","miRNA"
"57521","ENSG00000252583","MIR514B","miRNA"
"57522","ENSG00000212013","MIR509-2","miRNA"
"57523","ENSG00000212014","MIR509-3","miRNA"
"57524","ENSG00000208000","MIR509-1","miRNA"
"57525","ENSG00000207641","MIR510","miRNA"
"57526","ENSG00000207868","MIR514A1","miRNA"
"57527","ENSG00000207866","MIR514A2","miRNA"
"57528","ENSG00000207867","MIR514A3","miRNA"
"57576","ENSG00000252454","MIR2114","miRNA"
"57589","ENSG00000265789","MIR4330","miRNA"
"57606","ENSG00000284363","MIR224","miRNA"
"57607","ENSG00000283751","MIR452","miRNA"
"57615","ENSG00000207957","MIR105-1","miRNA"
"57616","ENSG00000211583","MIR767","miRNA"
"57617","ENSG00000207818","MIR105-2","miRNA"
"57684","ENSG00000265176","MIR3202-1","miRNA"
"57685","ENSG00000283694","MIR3202-2","miRNA"
"57687","ENSG00000284286","MIR718","miRNA"
"57711","ENSG00000276350","MIR6858","miRNA"
"57736","ENSG00000284450","MIR664B","miRNA"
"57744","ENSG00000221533","MIR1184-1","miRNA"
"57764","ENSG00000221190","MIR1184-2","miRNA"
"57766","ENSG00000221603","MIR1184-3","miRNA"
"57797","ENSG00000265658","MIR3690","miRNA"
"57812","ENSG00000277120","MIR6089","miRNA"
"58452","ENSG00000283344","MIR1244-4","miRNA"
"58507","ENSG00000284767","MIR3649","miRNA"
"58555","ENSG00000285146","MIR7703","miRNA"
"58591","ENSG00000284998","MIR4666A","miRNA"
"58610","ENSG00000281403","MIR6719","miRNA"
"58702","ENSG00000280948","MIR1976","miRNA"
"58733","ENSG00000284275","MIR564","miRNA"
"58747","ENSG00000281810","MIR3972","miRNA"
"58782","ENSG00000282900","MIR4743","miRNA"
"58795","ENSG00000284577","MIR3656","miRNA"
"58818","ENSG00000283960","MIR3714","miRNA"
"58918","ENSG00000285428","MIR6848","miRNA"
"58926","ENSG00000284918","MIR939","miRNA"
"58927","ENSG00000285207","MIR1234","miRNA"
"58928","ENSG00000285088","MIR6849","miRNA"
"58982","ENSG00000283912","MIR1229","miRNA"
"58989","ENSG00000285487","MIR6892","miRNA"
"59017","ENSG00000284905","MIR8055","miRNA"
"59019","ENSG00000284880","MIR4659A","miRNA"
"59020","ENSG00000285083","MIR4659B","miRNA"
"59126","ENSG00000285056","MIR598","miRNA"
"59131","ENSG00000284875","MIR1322","miRNA"
"59136","ENSG00000285364","MIR4286","miRNA"
"59148","ENSG00000285161","MIR124-1","miRNA"
"59150","ENSG00000285033","MIR597","miRNA"
"59169","ENSG00000285514","MIR4660","miRNA"
"59214","ENSG00000284785","MIR5692A2","miRNA"
"59216","ENSG00000285270","MIR3926-1","miRNA"
"59217","ENSG00000284855","MIR3926-2","miRNA"
"59270","ENSG00000284352","MIR3680-1","miRNA"
"60238","ENSG00000284492","MIR6778","miRNA"
"61814","ENSG00000285406","MIR4789","miRNA"
